Workbook

Sheet Drivers
B5: 01A-UGRA-MCAULEY
B6: 1A-UGRA-MCAULEY
T7: Racing
T8: Position | U8: Top | V8: Mid | W8: Bot
B9: Total Points | T9: 1 | U9: 50 | V9: 25 | W9: 12
B10: Driver | C10: R1A | D10: R1B | E10: R2A | F10: R2B | G10: R3A | H10: R3B | I10: R4A | J10: R4B | K10: R5A | L10: R5B | M10: R6A | N10: R6B | O10: R7A | P10: R7B | Q10: Total | R10: Avg | T10: 2 | U10: 45 | V10: 22 | W10: 9
B11: 01C-UGRA-KHAN | C11: =SUMIF(Top!$W$5:$W$168,$B11,Top!X$5:X$167)+SUMIF(Mid!$W$5:$W$168,$B11,Mid!X$5:X$167) -> 0 | D11: =SUMIF(Top!$W$5:$W$168,$B11,Top!Y$5:Y$167)+SUMIF(Mid!$W$5:$W$168,$B11,Mid!Y$5:Y$167) -> 0 | E11: =SUMIF(Top!$W$5:$W$168,$B11,Top!Z$5:Z$167)+SUMIF(Mid!$W$5:$W$168,$B11,Mid!Z$5:Z$167) -> 51 | F11: =SUMIF(Top!$W$5:$W$168,$B11,Top!AA$5:AA$167)+SUMIF(Mid!$W$5:$W$168,$B11,Mid!AA$5:AA$167) -> 0 | G11: =SUMIF(Top!$W$5:$W$168,$B11,Top!AB$5:AB$167)+SUMIF(Mid!$W$5:$W$168,$B11,Mid!AB$5:AB$167) -> 0 | H11: =SUMIF(Top!$W$5:$W$168,$B11,Top!AC$5:AC$167)+SUMIF(Mid!$W$5:$W$168,$B11,Mid!AC$5:AC$167) -> 0 | I11: =SUMIF(Top!$W$5:$W$168,$B11,Top!AD$5:AD$167)+SUMIF(Mid!$W$5:$W$168,$B11,Mid!AD$5:AD$167) -> 0 | J11: =SUMIF(Top!$W$5:$W$168,$B11,Top!AE$5:AE$167)+SUMIF(Mid!$W$5:$W$168,$B11,Mid!AE$5:AE$167) -> 0 | ... P11: =SUMIF(Top!$W$5:$W$168,$B11,Top!AK$5:AK$167)+SUMIF(Mid!$W$5:$W$168,$B11,Mid!AK$5:AK$167) -> 0 | Q11: =SUM(C11:P11) -> 51 | R11: =IF(Q11=0,0,Q11/COUNTIF(C11:P11,">0")) -> 51 | T11: 3 | U11: 42 | V11: 20 | W11: 7
B12: 40B-VIGO-VEIRO | C12: =SUMIF(Top!$W$5:$W$168,$B12,Top!X$5:X$167)+SUMIF(Mid!$W$5:$W$168,$B12,Mid!X$5:X$167) -> 0 | D12: =SUMIF(Top!$W$5:$W$168,$B12,Top!Y$5:Y$167)+SUMIF(Mid!$W$5:$W$168,$B12,Mid!Y$5:Y$167) -> 50 | E12: =SUMIF(Top!$W$5:$W$168,$B12,Top!Z$5:Z$167)+SUMIF(Mid!$W$5:$W$168,$B12,Mid!Z$5:Z$167) -> 0 | F12: =SUMIF(Top!$W$5:$W$168,$B12,Top!AA$5:AA$167)+SUMIF(Mid!$W$5:$W$168,$B12,Mid!AA$5:AA$167) -> 25 | G12: =SUMIF(Top!$W$5:$W$168,$B12,Top!AB$5:AB$167)+SUMIF(Mid!$W$5:$W$168,$B12,Mid!AB$5:AB$167) -> 0 | H12: =SUMIF(Top!$W$5:$W$168,$B12,Top!AC$5:AC$167)+SUMIF(Mid!$W$5:$W$168,$B12,Mid!AC$5:AC$167) -> 0 | I12: =SUMIF(Top!$W$5:$W$168,$B12,Top!AD$5:AD$167)+SUMIF(Mid!$W$5:$W$168,$B12,Mid!AD$5:AD$167) -> 0 | J12: =SUMIF(Top!$W$5:$W$168,$B12,Top!AE$5:AE$167)+SUMIF(Mid!$W$5:$W$168,$B12,Mid!AE$5:AE$167) -> 0 | ... P12: =SUMIF(Top!$W$5:$W$168,$B12,Top!AK$5:AK$167)+SUMIF(Mid!$W$5:$W$168,$B12,Mid!AK$5:AK$167) -> 0 | Q12: =SUM(C12:P12) -> 75 | R12: =IF(Q12=0,0,Q12/COUNTIF(C12:P12,">0")) -> 37.5 | T12: 4 | U12: 40 | V12: 18 | W12: 5
B13: 02A-STON-BHURJI | C13: =SUMIF(Top!$W$5:$W$168,$B13,Top!X$5:X$167)+SUMIF(Mid!$W$5:$W$168,$B13,Mid!X$5:X$167) -> 0 | D13: =SUMIF(Top!$W$5:$W$168,$B13,Top!Y$5:Y$167)+SUMIF(Mid!$W$5:$W$168,$B13,Mid!Y$5:Y$167) -> 47 | E13: =SUMIF(Top!$W$5:$W$168,$B13,Top!Z$5:Z$167)+SUMIF(Mid!$W$5:$W$168,$B13,Mid!Z$5:Z$167) -> 0 | F13: =SUMIF(Top!$W$5:$W$168,$B13,Top!AA$5:AA$167)+SUMIF(Mid!$W$5:$W$168,$B13,Mid!AA$5:AA$167) -> 0 | G13: =SUMIF(Top!$W$5:$W$168,$B13,Top!AB$5:AB$167)+SUMIF(Mid!$W$5:$W$168,$B13,Mid!AB$5:AB$167) -> 0 | H13: =SUMIF(Top!$W$5:$W$168,$B13,Top!AC$5:AC$167)+SUMIF(Mid!$W$5:$W$168,$B13,Mid!AC$5:AC$167) -> 0 | I13: =SUMIF(Top!$W$5:$W$168,$B13,Top!AD$5:AD$167)+SUMIF(Mid!$W$5:$W$168,$B13,Mid!AD$5:AD$167) -> 0 | J13: =SUMIF(Top!$W$5:$W$168,$B13,Top!AE$5:AE$167)+SUMIF(Mid!$W$5:$W$168,$B13,Mid!AE$5:AE$167) -> 0 | ... P13: =SUMIF(Top!$W$5:$W$168,$B13,Top!AK$5:AK$167)+SUMIF(Mid!$W$5:$W$168,$B13,Mid!AK$5:AK$167) -> 0 | Q13: =SUM(C13:P13) -> 47 | R13: =IF(Q13=0,0,Q13/COUNTIF(C13:P13,">0")) -> 47 | T13: 5 | U13: 38 | V13: 16 | W13: 4
B14: 02C-STON-WHITTAKER-CAMPIGOTTO | C14: =SUMIF(Top!$W$5:$W$168,$B14,Top!X$5:X$167)+SUMIF(Mid!$W$5:$W$168,$B14,Mid!X$5:X$167) -> 0 | D14: =SUMIF(Top!$W$5:$W$168,$B14,Top!Y$5:Y$167)+SUMIF(Mid!$W$5:$W$168,$B14,Mid!Y$5:Y$167) -> 0 | E14: =SUMIF(Top!$W$5:$W$168,$B14,Top!Z$5:Z$167)+SUMIF(Mid!$W$5:$W$168,$B14,Mid!Z$5:Z$167) -> 46 | F14: =SUMIF(Top!$W$5:$W$168,$B14,Top!AA$5:AA$167)+SUMIF(Mid!$W$5:$W$168,$B14,Mid!AA$5:AA$167) -> 0 | G14: =SUMIF(Top!$W$5:$W$168,$B14,Top!AB$5:AB$167)+SUMIF(Mid!$W$5:$W$168,$B14,Mid!AB$5:AB$167) -> 0 | H14: =SUMIF(Top!$W$5:$W$168,$B14,Top!AC$5:AC$167)+SUMIF(Mid!$W$5:$W$168,$B14,Mid!AC$5:AC$167) -> 0 | I14: =SUMIF(Top!$W$5:$W$168,$B14,Top!AD$5:AD$167)+SUMIF(Mid!$W$5:$W$168,$B14,Mid!AD$5:AD$167) -> 0 | J14: =SUMIF(Top!$W$5:$W$168,$B14,Top!AE$5:AE$167)+SUMIF(Mid!$W$5:$W$168,$B14,Mid!AE$5:AE$167) -> 0 | ... P14: =SUMIF(Top!$W$5:$W$168,$B14,Top!AK$5:AK$167)+SUMIF(Mid!$W$5:$W$168,$B14,Mid!AK$5:AK$167) -> 0 | Q14: =SUM(C14:P14) -> 46 | R14: =IF(Q14=0,0,Q14/COUNTIF(C14:P14,">0")) -> 46 | T14: 6 | U14: 36 | V14: 14 | W14: 3
B15: 40A-VIGO-COSTAS | C15: =SUMIF(Top!$W$5:$W$168,$B15,Top!X$5:X$167)+SUMIF(Mid!$W$5:$W$168,$B15,Mid!X$5:X$167) -> 46 | D15: =SUMIF(Top!$W$5:$W$168,$B15,Top!Y$5:Y$167)+SUMIF(Mid!$W$5:$W$168,$B15,Mid!Y$5:Y$167) -> 0 | E15: =SUMIF(Top!$W$5:$W$168,$B15,Top!Z$5:Z$167)+SUMIF(Mid!$W$5:$W$168,$B15,Mid!Z$5:Z$167) -> 26 | F15: =SUMIF(Top!$W$5:$W$168,$B15,Top!AA$5:AA$167)+SUMIF(Mid!$W$5:$W$168,$B15,Mid!AA$5:AA$167) -> 0 | G15: =SUMIF(Top!$W$5:$W$168,$B15,Top!AB$5:AB$167)+SUMIF(Mid!$W$5:$W$168,$B15,Mid!AB$5:AB$167) -> 0 | H15: =SUMIF(Top!$W$5:$W$168,$B15,Top!AC$5:AC$167)+SUMIF(Mid!$W$5:$W$168,$B15,Mid!AC$5:AC$167) -> 0 | I15: =SUMIF(Top!$W$5:$W$168,$B15,Top!AD$5:AD$167)+SUMIF(Mid!$W$5:$W$168,$B15,Mid!AD$5:AD$167) -> 0 | J15: =SUMIF(Top!$W$5:$W$168,$B15,Top!AE$5:AE$167)+SUMIF(Mid!$W$5:$W$168,$B15,Mid!AE$5:AE$167) -> 0 | ... P15: =SUMIF(Top!$W$5:$W$168,$B15,Top!AK$5:AK$167)+SUMIF(Mid!$W$5:$W$168,$B15,Mid!AK$5:AK$167) -> 0 | Q15: =SUM(C15:P15) -> 72 | R15: =IF(Q15=0,0,Q15/COUNTIF(C15:P15,">0")) -> 36 | T15: 7 | U15: 34 | V15: 12 | W15: 2
B16: 04B-NCME-KELL | C16: =SUMIF(Top!$W$5:$W$168,$B16,Top!X$5:X$167)+SUMIF(Mid!$W$5:$W$168,$B16,Mid!X$5:X$167) -> 0 | D16: =SUMIF(Top!$W$5:$W$168,$B16,Top!Y$5:Y$167)+SUMIF(Mid!$W$5:$W$168,$B16,Mid!Y$5:Y$167) -> 42 | E16: =SUMIF(Top!$W$5:$W$168,$B16,Top!Z$5:Z$167)+SUMIF(Mid!$W$5:$W$168,$B16,Mid!Z$5:Z$167) -> 0 | F16: =SUMIF(Top!$W$5:$W$168,$B16,Top!AA$5:AA$167)+SUMIF(Mid!$W$5:$W$168,$B16,Mid!AA$5:AA$167) -> 42 | G16: =SUMIF(Top!$W$5:$W$168,$B16,Top!AB$5:AB$167)+SUMIF(Mid!$W$5:$W$168,$B16,Mid!AB$5:AB$167) -> 0 | H16: =SUMIF(Top!$W$5:$W$168,$B16,Top!AC$5:AC$167)+SUMIF(Mid!$W$5:$W$168,$B16,Mid!AC$5:AC$167) -> 0 | I16: =SUMIF(Top!$W$5:$W$168,$B16,Top!AD$5:AD$167)+SUMIF(Mid!$W$5:$W$168,$B16,Mid!AD$5:AD$167) -> 0 | J16: =SUMIF(Top!$W$5:$W$168,$B16,Top!AE$5:AE$167)+SUMIF(Mid!$W$5:$W$168,$B16,Mid!AE$5:AE$167) -> 0 | ... P16: =SUMIF(Top!$W$5:$W$168,$B16,Top!AK$5:AK$167)+SUMIF(Mid!$W$5:$W$168,$B16,Mid!AK$5:AK$167) -> 0 | Q16: =SUM(C16:P16) -> 84 | R16: =IF(Q16=0,0,Q16/COUNTIF(C16:P16,">0")) -> 42 | T16: 8 | U16: 32 | V16: 10 | W16: 1
B17: 48A-UPRAF-DZIUBA | C17: =SUMIF(Top!$W$5:$W$168,$B17,Top!X$5:X$167)+SUMIF(Mid!$W$5:$W$168,$B17,Mid!X$5:X$167) -> 50 | D17: =SUMIF(Top!$W$5:$W$168,$B17,Top!Y$5:Y$167)+SUMIF(Mid!$W$5:$W$168,$B17,Mid!Y$5:Y$167) -> 0 | E17: =SUMIF(Top!$W$5:$W$168,$B17,Top!Z$5:Z$167)+SUMIF(Mid!$W$5:$W$168,$B17,Mid!Z$5:Z$167) -> 39 | F17: =SUMIF(Top!$W$5:$W$168,$B17,Top!AA$5:AA$167)+SUMIF(Mid!$W$5:$W$168,$B17,Mid!AA$5:AA$167) -> 32 | G17: =SUMIF(Top!$W$5:$W$168,$B17,Top!AB$5:AB$167)+SUMIF(Mid!$W$5:$W$168,$B17,Mid!AB$5:AB$167) -> 0 | H17: =SUMIF(Top!$W$5:$W$168,$B17,Top!AC$5:AC$167)+SUMIF(Mid!$W$5:$W$168,$B17,Mid!AC$5:AC$167) -> 0 | I17: =SUMIF(Top!$W$5:$W$168,$B17,Top!AD$5:AD$167)+SUMIF(Mid!$W$5:$W$168,$B17,Mid!AD$5:AD$167) -> 0 | J17: =SUMIF(Top!$W$5:$W$168,$B17,Top!AE$5:AE$167)+SUMIF(Mid!$W$5:$W$168,$B17,Mid!AE$5:AE$167) -> 0 | ... P17: =SUMIF(Top!$W$5:$W$168,$B17,Top!AK$5:AK$167)+SUMIF(Mid!$W$5:$W$168,$B17,Mid!AK$5:AK$167) -> 0 | Q17: =SUM(C17:P17) -> 121 | R17: =IF(Q17=0,0,Q17/COUNTIF(C17:P17,">0")) -> 40.333333 | T17: 9 | U17: 30 | V17: 8 | W17: 0
B18: 06A-SALF-WHEATER | C18: =SUMIF(Top!$W$5:$W$168,$B18,Top!X$5:X$167)+SUMIF(Mid!$W$5:$W$168,$B18,Mid!X$5:X$167) -> 42 | D18: =SUMIF(Top!$W$5:$W$168,$B18,Top!Y$5:Y$167)+SUMIF(Mid!$W$5:$W$168,$B18,Mid!Y$5:Y$167) -> 0 | E18: =SUMIF(Top!$W$5:$W$168,$B18,Top!Z$5:Z$167)+SUMIF(Mid!$W$5:$W$168,$B18,Mid!Z$5:Z$167) -> 36 | F18: =SUMIF(Top!$W$5:$W$168,$B18,Top!AA$5:AA$167)+SUMIF(Mid!$W$5:$W$168,$B18,Mid!AA$5:AA$167) -> 42 | G18: =SUMIF(Top!$W$5:$W$168,$B18,Top!AB$5:AB$167)+SUMIF(Mid!$W$5:$W$168,$B18,Mid!AB$5:AB$167) -> 0 | H18: =SUMIF(Top!$W$5:$W$168,$B18,Top!AC$5:AC$167)+SUMIF(Mid!$W$5:$W$168,$B18,Mid!AC$5:AC$167) -> 0 | I18: =SUMIF(Top!$W$5:$W$168,$B18,Top!AD$5:AD$167)+SUMIF(Mid!$W$5:$W$168,$B18,Mid!AD$5:AD$167) -> 0 | J18: =SUMIF(Top!$W$5:$W$168,$B18,Top!AE$5:AE$167)+SUMIF(Mid!$W$5:$W$168,$B18,Mid!AE$5:AE$167) -> 0 | ... P18: =SUMIF(Top!$W$5:$W$168,$B18,Top!AK$5:AK$167)+SUMIF(Mid!$W$5:$W$168,$B18,Mid!AK$5:AK$167) -> 0 | Q18: =SUM(C18:P18) -> 120 | R18: =IF(Q18=0,0,Q18/COUNTIF(C18:P18,">0")) -> 40 | T18: 10 | U18: 28 | V18: 6 | W18: 0
B19: 03A-HULLA-DAVISON | C19: =SUMIF(Top!$W$5:$W$168,$B19,Top!X$5:X$167)+SUMIF(Mid!$W$5:$W$168,$B19,Mid!X$5:X$167) -> 38 | D19: =SUMIF(Top!$W$5:$W$168,$B19,Top!Y$5:Y$167)+SUMIF(Mid!$W$5:$W$168,$B19,Mid!Y$5:Y$167) -> 0 | E19: =SUMIF(Top!$W$5:$W$168,$B19,Top!Z$5:Z$167)+SUMIF(Mid!$W$5:$W$168,$B19,Mid!Z$5:Z$167) -> 42 | F19: =SUMIF(Top!$W$5:$W$168,$B19,Top!AA$5:AA$167)+SUMIF(Mid!$W$5:$W$168,$B19,Mid!AA$5:AA$167) -> 0 | G19: =SUMIF(Top!$W$5:$W$168,$B19,Top!AB$5:AB$167)+SUMIF(Mid!$W$5:$W$168,$B19,Mid!AB$5:AB$167) -> 0 | H19: =SUMIF(Top!$W$5:$W$168,$B19,Top!AC$5:AC$167)+SUMIF(Mid!$W$5:$W$168,$B19,Mid!AC$5:AC$167) -> 0 | I19: =SUMIF(Top!$W$5:$W$168,$B19,Top!AD$5:AD$167)+SUMIF(Mid!$W$5:$W$168,$B19,Mid!AD$5:AD$167) -> 0 | J19: =SUMIF(Top!$W$5:$W$168,$B19,Top!AE$5:AE$167)+SUMIF(Mid!$W$5:$W$168,$B19,Mid!AE$5:AE$167) -> 0 | ... P19: =SUMIF(Top!$W$5:$W$168,$B19,Top!AK$5:AK$167)+SUMIF(Mid!$W$5:$W$168,$B19,Mid!AK$5:AK$167) -> 0 | Q19: =SUM(C19:P19) -> 80 | R19: =IF(Q19=0,0,Q19/COUNTIF(C19:P19,">0")) -> 40 | T19: 11 | U19: 26 | V19: 5 | W19: 0
B20: 05E-UWTSD-GRAY | C20: =SUMIF(Top!$W$5:$W$168,$B20,Top!X$5:X$167)+SUMIF(Mid!$W$5:$W$168,$B20,Mid!X$5:X$167) -> 0 | D20: =SUMIF(Top!$W$5:$W$168,$B20,Top!Y$5:Y$167)+SUMIF(Mid!$W$5:$W$168,$B20,Mid!Y$5:Y$167) -> 40 | E20: =SUMIF(Top!$W$5:$W$168,$B20,Top!Z$5:Z$167)+SUMIF(Mid!$W$5:$W$168,$B20,Mid!Z$5:Z$167) -> 0 | F20: =SUMIF(Top!$W$5:$W$168,$B20,Top!AA$5:AA$167)+SUMIF(Mid!$W$5:$W$168,$B20,Mid!AA$5:AA$167) -> 0 | G20: =SUMIF(Top!$W$5:$W$168,$B20,Top!AB$5:AB$167)+SUMIF(Mid!$W$5:$W$168,$B20,Mid!AB$5:AB$167) -> 0 | H20: =SUMIF(Top!$W$5:$W$168,$B20,Top!AC$5:AC$167)+SUMIF(Mid!$W$5:$W$168,$B20,Mid!AC$5:AC$167) -> 0 | I20: =SUMIF(Top!$W$5:$W$168,$B20,Top!AD$5:AD$167)+SUMIF(Mid!$W$5:$W$168,$B20,Mid!AD$5:AD$167) -> 0 | J20: =SUMIF(Top!$W$5:$W$168,$B20,Top!AE$5:AE$167)+SUMIF(Mid!$W$5:$W$168,$B20,Mid!AE$5:AE$167) -> 0 | ... P20: =SUMIF(Top!$W$5:$W$168,$B20,Top!AK$5:AK$167)+SUMIF(Mid!$W$5:$W$168,$B20,Mid!AK$5:AK$167) -> 0 | Q20: =SUM(C20:P20) -> 40 | R20: =IF(Q20=0,0,Q20/COUNTIF(C20:P20,">0")) -> 40 | T20: 12 | U20: 24 | V20: 4 | W20: 0
B21: 50C-LJMU-SCHAPENDONK | C21: =SUMIF(Top!$W$5:$W$168,$B21,Top!X$5:X$167)+SUMIF(Mid!$W$5:$W$168,$B21,Mid!X$5:X$167) -> 0 | D21: =SUMIF(Top!$W$5:$W$168,$B21,Top!Y$5:Y$167)+SUMIF(Mid!$W$5:$W$168,$B21,Mid!Y$5:Y$167) -> 0 | E21: =SUMIF(Top!$W$5:$W$168,$B21,Top!Z$5:Z$167)+SUMIF(Mid!$W$5:$W$168,$B21,Mid!Z$5:Z$167) -> 40 | F21: =SUMIF(Top!$W$5:$W$168,$B21,Top!AA$5:AA$167)+SUMIF(Mid!$W$5:$W$168,$B21,Mid!AA$5:AA$167) -> 0 | G21: =SUMIF(Top!$W$5:$W$168,$B21,Top!AB$5:AB$167)+SUMIF(Mid!$W$5:$W$168,$B21,Mid!AB$5:AB$167) -> 0 | H21: =SUMIF(Top!$W$5:$W$168,$B21,Top!AC$5:AC$167)+SUMIF(Mid!$W$5:$W$168,$B21,Mid!AC$5:AC$167) -> 0 | I21: =SUMIF(Top!$W$5:$W$168,$B21,Top!AD$5:AD$167)+SUMIF(Mid!$W$5:$W$168,$B21,Mid!AD$5:AD$167) -> 0 | J21: =SUMIF(Top!$W$5:$W$168,$B21,Top!AE$5:AE$167)+SUMIF(Mid!$W$5:$W$168,$B21,Mid!AE$5:AE$167) -> 0 | ... P21: =SUMIF(Top!$W$5:$W$168,$B21,Top!AK$5:AK$167)+SUMIF(Mid!$W$5:$W$168,$B21,Mid!AK$5:AK$167) -> 0 | Q21: =SUM(C21:P21) -> 40 | R21: =IF(Q21=0,0,Q21/COUNTIF(C21:P21,">0")) -> 40 | T21: 13 | U21: 22 | V21: 3 | W21: 0
B22: 43C-BATH-KHAN | C22: =SUMIF(Top!$W$5:$W$168,$B22,Top!X$5:X$167)+SUMIF(Mid!$W$5:$W$168,$B22,Mid!X$5:X$167) -> 0 | D22: =SUMIF(Top!$W$5:$W$168,$B22,Top!Y$5:Y$167)+SUMIF(Mid!$W$5:$W$168,$B22,Mid!Y$5:Y$167) -> 0 | E22: =SUMIF(Top!$W$5:$W$168,$B22,Top!Z$5:Z$167)+SUMIF(Mid!$W$5:$W$168,$B22,Mid!Z$5:Z$167) -> 0 | F22: =SUMIF(Top!$W$5:$W$168,$B22,Top!AA$5:AA$167)+SUMIF(Mid!$W$5:$W$168,$B22,Mid!AA$5:AA$167) -> 38 | G22: =SUMIF(Top!$W$5:$W$168,$B22,Top!AB$5:AB$167)+SUMIF(Mid!$W$5:$W$168,$B22,Mid!AB$5:AB$167) -> 0 | H22: =SUMIF(Top!$W$5:$W$168,$B22,Top!AC$5:AC$167)+SUMIF(Mid!$W$5:$W$168,$B22,Mid!AC$5:AC$167) -> 0 | I22: =SUMIF(Top!$W$5:$W$168,$B22,Top!AD$5:AD$167)+SUMIF(Mid!$W$5:$W$168,$B22,Mid!AD$5:AD$167) -> 0 | J22: =SUMIF(Top!$W$5:$W$168,$B22,Top!AE$5:AE$167)+SUMIF(Mid!$W$5:$W$168,$B22,Mid!AE$5:AE$167) -> 0 | ... P22: =SUMIF(Top!$W$5:$W$168,$B22,Top!AK$5:AK$167)+SUMIF(Mid!$W$5:$W$168,$B22,Mid!AK$5:AK$167) -> 0 | Q22: =SUM(C22:P22) -> 38 | R22: =IF(Q22=0,0,Q22/COUNTIF(C22:P22,">0")) -> 38 | T22: 14 | U22: 20 | V22: 2 | W22: 0
... B28: 04C-NCME-CAMPBELL | C28: =SUMIF(Top!$W$5:$W$168,$B28,Top!X$5:X$167)+SUMIF(Mid!$W$5:$W$168,$B28,Mid!X$5:X$167) -> 40 | D28: =SUMIF(Top!$W$5:$W$168,$B28,Top!Y$5:Y$167)+SUMIF(Mid!$W$5:$W$168,$B28,Mid!Y$5:Y$167) -> 0 | E28: =SUMIF(Top!$W$5:$W$168,$B28,Top!Z$5:Z$167)+SUMIF(Mid!$W$5:$W$168,$B28,Mid!Z$5:Z$167) -> 22 | F28: =SUMIF(Top!$W$5:$W$168,$B28,Top!AA$5:AA$167)+SUMIF(Mid!$W$5:$W$168,$B28,Mid!AA$5:AA$167) -> 0 | G28: =SUMIF(Top!$W$5:$W$168,$B28,Top!AB$5:AB$167)+SUMIF(Mid!$W$5:$W$168,$B28,Mid!AB$5:AB$167) -> 0 | H28: =SUMIF(Top!$W$5:$W$168,$B28,Top!AC$5:AC$167)+SUMIF(Mid!$W$5:$W$168,$B28,Mid!AC$5:AC$167) -> 0 | I28: =SUMIF(Top!$W$5:$W$168,$B28,Top!AD$5:AD$167)+SUMIF(Mid!$W$5:$W$168,$B28,Mid!AD$5:AD$167) -> 0 | J28: =SUMIF(Top!$W$5:$W$168,$B28,Top!AE$5:AE$167)+SUMIF(Mid!$W$5:$W$168,$B28,Mid!AE$5:AE$167) -> 0 | ... P28: =SUMIF(Top!$W$5:$W$168,$B28,Top!AK$5:AK$167)+SUMIF(Mid!$W$5:$W$168,$B28,Mid!AK$5:AK$167) -> 0 | Q28: =SUM(C28:P28) -> 62 | R28: =IF(Q28=0,0,Q28/COUNTIF(C28:P28,">0")) -> 31 | T28: 20 | U28: 14 | V28: 0 | W28: 0
B29: 09D-VIT-MEDIAVILLA | C29: =SUMIF(Top!$W$5:$W$168,$B29,Top!X$5:X$167)+SUMIF(Mid!$W$5:$W$168,$B29,Mid!X$5:X$167) -> 8 | D29: =SUMIF(Top!$W$5:$W$168,$B29,Top!Y$5:Y$167)+SUMIF(Mid!$W$5:$W$168,$B29,Mid!Y$5:Y$167) -> 0 | E29: =SUMIF(Top!$W$5:$W$168,$B29,Top!Z$5:Z$167)+SUMIF(Mid!$W$5:$W$168,$B29,Mid!Z$5:Z$167) -> 30 | F29: =SUMIF(Top!$W$5:$W$168,$B29,Top!AA$5:AA$167)+SUMIF(Mid!$W$5:$W$168,$B29,Mid!AA$5:AA$167) -> 0 | G29: =SUMIF(Top!$W$5:$W$168,$B29,Top!AB$5:AB$167)+SUMIF(Mid!$W$5:$W$168,$B29,Mid!AB$5:AB$167) -> 0 | H29: =SUMIF(Top!$W$5:$W$168,$B29,Top!AC$5:AC$167)+SUMIF(Mid!$W$5:$W$168,$B29,Mid!AC$5:AC$167) -> 0 | I29: =SUMIF(Top!$W$5:$W$168,$B29,Top!AD$5:AD$167)+SUMIF(Mid!$W$5:$W$168,$B29,Mid!AD$5:AD$167) -> 0 | J29: =SUMIF(Top!$W$5:$W$168,$B29,Top!AE$5:AE$167)+SUMIF(Mid!$W$5:$W$168,$B29,Mid!AE$5:AE$167) -> 0 | ... P29: =SUMIF(Top!$W$5:$W$168,$B29,Top!AK$5:AK$167)+SUMIF(Mid!$W$5:$W$168,$B29,Mid!AK$5:AK$167) -> 0 | Q29: =SUM(C29:P29) -> 38 | R29: =IF(Q29=0,0,Q29/COUNTIF(C29:P29,">0")) -> 19
B30: 50A-LJMU-MELLIAR-SMITH | C30: =SUMIF(Top!$W$5:$W$168,$B30,Top!X$5:X$167)+SUMIF(Mid!$W$5:$W$168,$B30,Mid!X$5:X$167) -> 0 | D30: =SUMIF(Top!$W$5:$W$168,$B30,Top!Y$5:Y$167)+SUMIF(Mid!$W$5:$W$168,$B30,Mid!Y$5:Y$167) -> 0 | E30: =SUMIF(Top!$W$5:$W$168,$B30,Top!Z$5:Z$167)+SUMIF(Mid!$W$5:$W$168,$B30,Mid!Z$5:Z$167) -> 0 | F30: =SUMIF(Top!$W$5:$W$168,$B30,Top!AA$5:AA$167)+SUMIF(Mid!$W$5:$W$168,$B30,Mid!AA$5:AA$167) -> 30 | G30: =SUMIF(Top!$W$5:$W$168,$B30,Top!AB$5:AB$167)+SUMIF(Mid!$W$5:$W$168,$B30,Mid!AB$5:AB$167) -> 0 | H30: =SUMIF(Top!$W$5:$W$168,$B30,Top!AC$5:AC$167)+SUMIF(Mid!$W$5:$W$168,$B30,Mid!AC$5:AC$167) -> 0 | I30: =SUMIF(Top!$W$5:$W$168,$B30,Top!AD$5:AD$167)+SUMIF(Mid!$W$5:$W$168,$B30,Mid!AD$5:AD$167) -> 0 | J30: =SUMIF(Top!$W$5:$W$168,$B30,Top!AE$5:AE$167)+SUMIF(Mid!$W$5:$W$168,$B30,Mid!AE$5:AE$167) -> 0 | ... P30: =SUMIF(Top!$W$5:$W$168,$B30,Top!AK$5:AK$167)+SUMIF(Mid!$W$5:$W$168,$B30,Mid!AK$5:AK$167) -> 0 | Q30: =SUM(C30:P30) -> 30 | R30: =IF(Q30=0,0,Q30/COUNTIF(C30:P30,">0")) -> 30
B31: 03B-HULLA-PHILIP | C31: =SUMIF(Top!$W$5:$W$168,$B31,Top!X$5:X$167)+SUMIF(Mid!$W$5:$W$168,$B31,Mid!X$5:X$167) -> 0 | D31: =SUMIF(Top!$W$5:$W$168,$B31,Top!Y$5:Y$167)+SUMIF(Mid!$W$5:$W$168,$B31,Mid!Y$5:Y$167) -> 36 | E31: =SUMIF(Top!$W$5:$W$168,$B31,Top!Z$5:Z$167)+SUMIF(Mid!$W$5:$W$168,$B31,Mid!Z$5:Z$167) -> 0 | F31: =SUMIF(Top!$W$5:$W$168,$B31,Top!AA$5:AA$167)+SUMIF(Mid!$W$5:$W$168,$B31,Mid!AA$5:AA$167) -> 22 | G31: =SUMIF(Top!$W$5:$W$168,$B31,Top!AB$5:AB$167)+SUMIF(Mid!$W$5:$W$168,$B31,Mid!AB$5:AB$167) -> 0 | H31: =SUMIF(Top!$W$5:$W$168,$B31,Top!AC$5:AC$167)+SUMIF(Mid!$W$5:$W$168,$B31,Mid!AC$5:AC$167) -> 0 | I31: =SUMIF(Top!$W$5:$W$168,$B31,Top!AD$5:AD$167)+SUMIF(Mid!$W$5:$W$168,$B31,Mid!AD$5:AD$167) -> 0 | J31: =SUMIF(Top!$W$5:$W$168,$B31,Top!AE$5:AE$167)+SUMIF(Mid!$W$5:$W$168,$B31,Mid!AE$5:AE$167) -> 0 | ... P31: =SUMIF(Top!$W$5:$W$168,$B31,Top!AK$5:AK$167)+SUMIF(Mid!$W$5:$W$168,$B31,Mid!AK$5:AK$167) -> 0 | Q31: =SUM(C31:P31) -> 58 | R31: =IF(Q31=0,0,Q31/COUNTIF(C31:P31,">0")) -> 29
B32: 35A-UCD-GARRETT | C32: =SUMIF(Top!$W$5:$W$168,$B32,Top!X$5:X$167)+SUMIF(Mid!$W$5:$W$168,$B32,Mid!X$5:X$167) -> 29 | D32: =SUMIF(Top!$W$5:$W$168,$B32,Top!Y$5:Y$167)+SUMIF(Mid!$W$5:$W$168,$B32,Mid!Y$5:Y$167) -> 0 | E32: =SUMIF(Top!$W$5:$W$168,$B32,Top!Z$5:Z$167)+SUMIF(Mid!$W$5:$W$168,$B32,Mid!Z$5:Z$167) -> 0 | F32: =SUMIF(Top!$W$5:$W$168,$B32,Top!AA$5:AA$167)+SUMIF(Mid!$W$5:$W$168,$B32,Mid!AA$5:AA$167) -> 28 | G32: =SUMIF(Top!$W$5:$W$168,$B32,Top!AB$5:AB$167)+SUMIF(Mid!$W$5:$W$168,$B32,Mid!AB$5:AB$167) -> 0 | H32: =SUMIF(Top!$W$5:$W$168,$B32,Top!AC$5:AC$167)+SUMIF(Mid!$W$5:$W$168,$B32,Mid!AC$5:AC$167) -> 0 | I32: =SUMIF(Top!$W$5:$W$168,$B32,Top!AD$5:AD$167)+SUMIF(Mid!$W$5:$W$168,$B32,Mid!AD$5:AD$167) -> 0 | J32: =SUMIF(Top!$W$5:$W$168,$B32,Top!AE$5:AE$167)+SUMIF(Mid!$W$5:$W$168,$B32,Mid!AE$5:AE$167) -> 0 | ... P32: =SUMIF(Top!$W$5:$W$168,$B32,Top!AK$5:AK$167)+SUMIF(Mid!$W$5:$W$168,$B32,Mid!AK$5:AK$167) -> 0 | Q32: =SUM(C32:P32) -> 57 | R32: =IF(Q32=0,0,Q32/COUNTIF(C32:P32,">0")) -> 28.5
B33: 51A-QMFS-ALOJ | C33: =SUMIF(Top!$W$5:$W$168,$B33,Top!X$5:X$167)+SUMIF(Mid!$W$5:$W$168,$B33,Mid!X$5:X$167) -> 0 | D33: =SUMIF(Top!$W$5:$W$168,$B33,Top!Y$5:Y$167)+SUMIF(Mid!$W$5:$W$168,$B33,Mid!Y$5:Y$167) -> 38 | E33: =SUMIF(Top!$W$5:$W$168,$B33,Top!Z$5:Z$167)+SUMIF(Mid!$W$5:$W$168,$B33,Mid!Z$5:Z$167) -> 0 | F33: =SUMIF(Top!$W$5:$W$168,$B33,Top!AA$5:AA$167)+SUMIF(Mid!$W$5:$W$168,$B33,Mid!AA$5:AA$167) -> 18 | G33: =SUMIF(Top!$W$5:$W$168,$B33,Top!AB$5:AB$167)+SUMIF(Mid!$W$5:$W$168,$B33,Mid!AB$5:AB$167) -> 0 | H33: =SUMIF(Top!$W$5:$W$168,$B33,Top!AC$5:AC$167)+SUMIF(Mid!$W$5:$W$168,$B33,Mid!AC$5:AC$167) -> 0 | I33: =SUMIF(Top!$W$5:$W$168,$B33,Top!AD$5:AD$167)+SUMIF(Mid!$W$5:$W$168,$B33,Mid!AD$5:AD$167) -> 0 | J33: =SUMIF(Top!$W$5:$W$168,$B33,Top!AE$5:AE$167)+SUMIF(Mid!$W$5:$W$168,$B33,Mid!AE$5:AE$167) -> 0 | ... P33: =SUMIF(Top!$W$5:$W$168,$B33,Top!AK$5:AK$167)+SUMIF(Mid!$W$5:$W$168,$B33,Mid!AK$5:AK$167) -> 0 | Q33: =SUM(C33:P33) -> 56 | R33: =IF(Q33=0,0,Q33/COUNTIF(C33:P33,">0")) -> 28
B34: 38C-EXET-PRITCHARD | C34: =SUMIF(Top!$W$5:$W$168,$B34,Top!X$5:X$167)+SUMIF(Mid!$W$5:$W$168,$B34,Mid!X$5:X$167) -> 36 | D34: =SUMIF(Top!$W$5:$W$168,$B34,Top!Y$5:Y$167)+SUMIF(Mid!$W$5:$W$168,$B34,Mid!Y$5:Y$167) -> 0 | E34: =SUMIF(Top!$W$5:$W$168,$B34,Top!Z$5:Z$167)+SUMIF(Mid!$W$5:$W$168,$B34,Mid!Z$5:Z$167) -> 20 | F34: =SUMIF(Top!$W$5:$W$168,$B34,Top!AA$5:AA$167)+SUMIF(Mid!$W$5:$W$168,$B34,Mid!AA$5:AA$167) -> 24 | G34: =SUMIF(Top!$W$5:$W$168,$B34,Top!AB$5:AB$167)+SUMIF(Mid!$W$5:$W$168,$B34,Mid!AB$5:AB$167) -> 0 | H34: =SUMIF(Top!$W$5:$W$168,$B34,Top!AC$5:AC$167)+SUMIF(Mid!$W$5:$W$168,$B34,Mid!AC$5:AC$167) -> 0 | I34: =SUMIF(Top!$W$5:$W$168,$B34,Top!AD$5:AD$167)+SUMIF(Mid!$W$5:$W$168,$B34,Mid!AD$5:AD$167) -> 0 | J34: =SUMIF(Top!$W$5:$W$168,$B34,Top!AE$5:AE$167)+SUMIF(Mid!$W$5:$W$168,$B34,Mid!AE$5:AE$167) -> 0 | ... P34: =SUMIF(Top!$W$5:$W$168,$B34,Top!AK$5:AK$167)+SUMIF(Mid!$W$5:$W$168,$B34,Mid!AK$5:AK$167) -> 0 | Q34: =SUM(C34:P34) -> 80 | R34: =IF(Q34=0,0,Q34/COUNTIF(C34:P34,">0")) -> 26.666667
B35: 23A-HULLB-ZALESKI | C35: =SUMIF(Top!$W$5:$W$168,$B35,Top!X$5:X$167)+SUMIF(Mid!$W$5:$W$168,$B35,Mid!X$5:X$167) -> 33 | D35: =SUMIF(Top!$W$5:$W$168,$B35,Top!Y$5:Y$167)+SUMIF(Mid!$W$5:$W$168,$B35,Mid!Y$5:Y$167) -> 31 | E35: =SUMIF(Top!$W$5:$W$168,$B35,Top!Z$5:Z$167)+SUMIF(Mid!$W$5:$W$168,$B35,Mid!Z$5:Z$167) -> 15 | F35: =SUMIF(Top!$W$5:$W$168,$B35,Top!AA$5:AA$167)+SUMIF(Mid!$W$5:$W$168,$B35,Mid!AA$5:AA$167) -> 0 | G35: =SUMIF(Top!$W$5:$W$168,$B35,Top!AB$5:AB$167)+SUMIF(Mid!$W$5:$W$168,$B35,Mid!AB$5:AB$167) -> 0 | H35: =SUMIF(Top!$W$5:$W$168,$B35,Top!AC$5:AC$167)+SUMIF(Mid!$W$5:$W$168,$B35,Mid!AC$5:AC$167) -> 0 | I35: =SUMIF(Top!$W$5:$W$168,$B35,Top!AD$5:AD$167)+SUMIF(Mid!$W$5:$W$168,$B35,Mid!AD$5:AD$167) -> 0 | J35: =SUMIF(Top!$W$5:$W$168,$B35,Top!AE$5:AE$167)+SUMIF(Mid!$W$5:$W$168,$B35,Mid!AE$5:AE$167) -> 0 | ... P35: =SUMIF(Top!$W$5:$W$168,$B35,Top!AK$5:AK$167)+SUMIF(Mid!$W$5:$W$168,$B35,Mid!AK$5:AK$167) -> 0 | Q35: =SUM(C35:P35) -> 79 | R35: =IF(Q35=0,0,Q35/COUNTIF(C35:P35,">0")) -> 26.333333
B36: 43A-BATH-DOORGEEST | C36: =SUMIF(Top!$W$5:$W$168,$B36,Top!X$5:X$167)+SUMIF(Mid!$W$5:$W$168,$B36,Mid!X$5:X$167) -> 26 | D36: =SUMIF(Top!$W$5:$W$168,$B36,Top!Y$5:Y$167)+SUMIF(Mid!$W$5:$W$168,$B36,Mid!Y$5:Y$167) -> 0 | E36: =SUMIF(Top!$W$5:$W$168,$B36,Top!Z$5:Z$167)+SUMIF(Mid!$W$5:$W$168,$B36,Mid!Z$5:Z$167) -> 26 | F36: =SUMIF(Top!$W$5:$W$168,$B36,Top!AA$5:AA$167)+SUMIF(Mid!$W$5:$W$168,$B36,Mid!AA$5:AA$167) -> 0 | G36: =SUMIF(Top!$W$5:$W$168,$B36,Top!AB$5:AB$167)+SUMIF(Mid!$W$5:$W$168,$B36,Mid!AB$5:AB$167) -> 0 | H36: =SUMIF(Top!$W$5:$W$168,$B36,Top!AC$5:AC$167)+SUMIF(Mid!$W$5:$W$168,$B36,Mid!AC$5:AC$167) -> 0 | I36: =SUMIF(Top!$W$5:$W$168,$B36,Top!AD$5:AD$167)+SUMIF(Mid!$W$5:$W$168,$B36,Mid!AD$5:AD$167) -> 0 | J36: =SUMIF(Top!$W$5:$W$168,$B36,Top!AE$5:AE$167)+SUMIF(Mid!$W$5:$W$168,$B36,Mid!AE$5:AE$167) -> 0 | ... P36: =SUMIF(Top!$W$5:$W$168,$B36,Top!AK$5:AK$167)+SUMIF(Mid!$W$5:$W$168,$B36,Mid!AK$5:AK$167) -> 0 | Q36: =SUM(C36:P36) -> 52 | R36: =IF(Q36=0,0,Q36/COUNTIF(C36:P36,">0")) -> 26
B37: 37A-POLYU-LAM | C37: =SUMIF(Top!$W$5:$W$168,$B37,Top!X$5:X$167)+SUMIF(Mid!$W$5:$W$168,$B37,Mid!X$5:X$167) -> 17 | D37: =SUMIF(Top!$W$5:$W$168,$B37,Top!Y$5:Y$167)+SUMIF(Mid!$W$5:$W$168,$B37,Mid!Y$5:Y$167) -> 0 | E37: =SUMIF(Top!$W$5:$W$168,$B37,Top!Z$5:Z$167)+SUMIF(Mid!$W$5:$W$168,$B37,Mid!Z$5:Z$167) -> 0 | F37: =SUMIF(Top!$W$5:$W$168,$B37,Top!AA$5:AA$167)+SUMIF(Mid!$W$5:$W$168,$B37,Mid!AA$5:AA$167) -> 34 | G37: =SUMIF(Top!$W$5:$W$168,$B37,Top!AB$5:AB$167)+SUMIF(Mid!$W$5:$W$168,$B37,Mid!AB$5:AB$167) -> 0 | H37: =SUMIF(Top!$W$5:$W$168,$B37,Top!AC$5:AC$167)+SUMIF(Mid!$W$5:$W$168,$B37,Mid!AC$5:AC$167) -> 0 | I37: =SUMIF(Top!$W$5:$W$168,$B37,Top!AD$5:AD$167)+SUMIF(Mid!$W$5:$W$168,$B37,Mid!AD$5:AD$167) -> 0 | J37: =SUMIF(Top!$W$5:$W$168,$B37,Top!AE$5:AE$167)+SUMIF(Mid!$W$5:$W$168,$B37,Mid!AE$5:AE$167) -> 0 | ... P37: =SUMIF(Top!$W$5:$W$168,$B37,Top!AK$5:AK$167)+SUMIF(Mid!$W$5:$W$168,$B37,Mid!AK$5:AK$167) -> 0 | Q37: =SUM(C37:P37) -> 51 | R37: =IF(Q37=0,0,Q37/COUNTIF(C37:P37,">0")) -> 25.5
B38: 21A-STAF-YOUDALE | C38: =SUMIF(Top!$W$5:$W$168,$B38,Top!X$5:X$167)+SUMIF(Mid!$W$5:$W$168,$B38,Mid!X$5:X$167) -> 22 | D38: =SUMIF(Top!$W$5:$W$168,$B38,Top!Y$5:Y$167)+SUMIF(Mid!$W$5:$W$168,$B38,Mid!Y$5:Y$167) -> 0 | E38: =SUMIF(Top!$W$5:$W$168,$B38,Top!Z$5:Z$167)+SUMIF(Mid!$W$5:$W$168,$B38,Mid!Z$5:Z$167) -> 28 | F38: =SUMIF(Top!$W$5:$W$168,$B38,Top!AA$5:AA$167)+SUMIF(Mid!$W$5:$W$168,$B38,Mid!AA$5:AA$167) -> 0 | G38: =SUMIF(Top!$W$5:$W$168,$B38,Top!AB$5:AB$167)+SUMIF(Mid!$W$5:$W$168,$B38,Mid!AB$5:AB$167) -> 0 | H38: =SUMIF(Top!$W$5:$W$168,$B38,Top!AC$5:AC$167)+SUMIF(Mid!$W$5:$W$168,$B38,Mid!AC$5:AC$167) -> 0 | I38: =SUMIF(Top!$W$5:$W$168,$B38,Top!AD$5:AD$167)+SUMIF(Mid!$W$5:$W$168,$B38,Mid!AD$5:AD$167) -> 0 | J38: =SUMIF(Top!$W$5:$W$168,$B38,Top!AE$5:AE$167)+SUMIF(Mid!$W$5:$W$168,$B38,Mid!AE$5:AE$167) -> 0 | ... P38: =SUMIF(Top!$W$5:$W$168,$B38,Top!AK$5:AK$167)+SUMIF(Mid!$W$5:$W$168,$B38,Mid!AK$5:AK$167) -> 0 | Q38: =SUM(C38:P38) -> 50 | R38: =IF(Q38=0,0,Q38/COUNTIF(C38:P38,">0")) -> 25
B39: 05A-UWTSD-GREENHILL-UPWARD | C39: =SUMIF(Top!$W$5:$W$168,$B39,Top!X$5:X$167)+SUMIF(Mid!$W$5:$W$168,$B39,Mid!X$5:X$167) -> 16 | D39: =SUMIF(Top!$W$5:$W$168,$B39,Top!Y$5:Y$167)+SUMIF(Mid!$W$5:$W$168,$B39,Mid!Y$5:Y$167) -> 0 | E39: =SUMIF(Top!$W$5:$W$168,$B39,Top!Z$5:Z$167)+SUMIF(Mid!$W$5:$W$168,$B39,Mid!Z$5:Z$167) -> 24 | F39: =SUMIF(Top!$W$5:$W$168,$B39,Top!AA$5:AA$167)+SUMIF(Mid!$W$5:$W$168,$B39,Mid!AA$5:AA$167) -> 0 | G39: =SUMIF(Top!$W$5:$W$168,$B39,Top!AB$5:AB$167)+SUMIF(Mid!$W$5:$W$168,$B39,Mid!AB$5:AB$167) -> 0 | H39: =SUMIF(Top!$W$5:$W$168,$B39,Top!AC$5:AC$167)+SUMIF(Mid!$W$5:$W$168,$B39,Mid!AC$5:AC$167) -> 0 | I39: =SUMIF(Top!$W$5:$W$168,$B39,Top!AD$5:AD$167)+SUMIF(Mid!$W$5:$W$168,$B39,Mid!AD$5:AD$167) -> 0 | J39: =SUMIF(Top!$W$5:$W$168,$B39,Top!AE$5:AE$167)+SUMIF(Mid!$W$5:$W$168,$B39,Mid!AE$5:AE$167) -> 0 | ... P39: =SUMIF(Top!$W$5:$W$168,$B39,Top!AK$5:AK$167)+SUMIF(Mid!$W$5:$W$168,$B39,Mid!AK$5:AK$167) -> 0 | Q39: =SUM(C39:P39) -> 40 | R39: =IF(Q39=0,0,Q39/COUNTIF(C39:P39,">0")) -> 20
B40: 24B-UPRE-DARVILL | C40: =SUMIF(Top!$W$5:$W$168,$B40,Top!X$5:X$167)+SUMIF(Mid!$W$5:$W$168,$B40,Mid!X$5:X$167) -> 24 | D40: =SUMIF(Top!$W$5:$W$168,$B40,Top!Y$5:Y$167)+SUMIF(Mid!$W$5:$W$168,$B40,Mid!Y$5:Y$167) -> 0 | E40: =SUMIF(Top!$W$5:$W$168,$B40,Top!Z$5:Z$167)+SUMIF(Mid!$W$5:$W$168,$B40,Mid!Z$5:Z$167) -> 0 | F40: =SUMIF(Top!$W$5:$W$168,$B40,Top!AA$5:AA$167)+SUMIF(Mid!$W$5:$W$168,$B40,Mid!AA$5:AA$167) -> 0 | G40: =SUMIF(Top!$W$5:$W$168,$B40,Top!AB$5:AB$167)+SUMIF(Mid!$W$5:$W$168,$B40,Mid!AB$5:AB$167) -> 0 | H40: =SUMIF(Top!$W$5:$W$168,$B40,Top!AC$5:AC$167)+SUMIF(Mid!$W$5:$W$168,$B40,Mid!AC$5:AC$167) -> 0 | I40: =SUMIF(Top!$W$5:$W$168,$B40,Top!AD$5:AD$167)+SUMIF(Mid!$W$5:$W$168,$B40,Mid!AD$5:AD$167) -> 0 | J40: =SUMIF(Top!$W$5:$W$168,$B40,Top!AE$5:AE$167)+SUMIF(Mid!$W$5:$W$168,$B40,Mid!AE$5:AE$167) -> 0 | ... P40: =SUMIF(Top!$W$5:$W$168,$B40,Top!AK$5:AK$167)+SUMIF(Mid!$W$5:$W$168,$B40,Mid!AK$5:AK$167) -> 0 | Q40: =SUM(C40:P40) -> 24 | R40: =IF(Q40=0,0,Q40/COUNTIF(C40:P40,">0")) -> 24
... B222: 53H-PROT-PISZCZEK | C222: =SUMIF(Top!$W$5:$W$168,$B222,Top!X$5:X$167)+SUMIF(Mid!$W$5:$W$168,$B222,Mid!X$5:X$167) -> 0 | D222: =SUMIF(Top!$W$5:$W$168,$B222,Top!Y$5:Y$167)+SUMIF(Mid!$W$5:$W$168,$B222,Mid!Y$5:Y$167) -> 0 | E222: =SUMIF(Top!$W$5:$W$168,$B222,Top!Z$5:Z$167)+SUMIF(Mid!$W$5:$W$168,$B222,Mid!Z$5:Z$167) -> 0 | F222: =SUMIF(Top!$W$5:$W$168,$B222,Top!AA$5:AA$167)+SUMIF(Mid!$W$5:$W$168,$B222,Mid!AA$5:AA$167) -> 0 | G222: =SUMIF(Top!$W$5:$W$168,$B222,Top!AB$5:AB$167)+SUMIF(Mid!$W$5:$W$168,$B222,Mid!AB$5:AB$167) -> 0 | H222: =SUMIF(Top!$W$5:$W$168,$B222,Top!AC$5:AC$167)+SUMIF(Mid!$W$5:$W$168,$B222,Mid!AC$5:AC$167) -> 0 | I222: =SUMIF(Top!$W$5:$W$168,$B222,Top!AD$5:AD$167)+SUMIF(Mid!$W$5:$W$168,$B222,Mid!AD$5:AD$167) -> 0 | J222: =SUMIF(Top!$W$5:$W$168,$B222,Top!AE$5:AE$167)+SUMIF(Mid!$W$5:$W$168,$B222,Mid!AE$5:AE$167) -> 0 | ... P222: =SUMIF(Top!$W$5:$W$168,$B222,Top!AK$5:AK$167)+SUMIF(Mid!$W$5:$W$168,$B222,Mid!AK$5:AK$167) -> 0 | Q222: =SUM(C222:P222) -> 0 | R222: =IF(Q222=0,0,Q222/COUNTIF(C222:P222,">0")) -> 0

Sheet Constructors
A1: TOTAL POINTS | D1: ROUND1 | G1: ROUND2 | I1: ROUND3 | L1: ROUND4 | O1: ROUND5 | R1: ROUND6 | U1: ROUND7
A2: {=_xlfn._xlws.SORT(AK2:BG55, 23,-1, FALSE)} -> Team Name | B2: Abrv | C2: No. | D2: R1A | E2: R1B | F2: EC1 | G2: R2A | H2: R2B | I2: R3A | J2: R3B | K2: EC2 | L2: R4A | M2: R4B | N2: EC3 | O2: R5A | P2: R5B | Q2: EC4 | R2: R6A | S2: R6B | T2: EC5 | U2: R7A | V2: R7B | W2: Total | AK2: Team Name | AL2: Abrv | AM2: No. | AN2: R1A | AO2: R1B | AP2: EC1 | AQ2: R2A | AR2: R2B | AS2: R3A | AT2: R3B | AU2: EC2 | AV2: R4A | AW2: R4B | AX2: EC3 | AY2: R5A | AZ2: R5B | BA2: EC4 | BB2: R6A | BC2: R6B | BD2: EC5 | BE2: R7A | BF2: R7B | BG2: Total
A3: SUFST | B3: STON | C3: 2 | D3: 16 | E3: 47 | F3: 45 | G3: 46 | H3: 51 | I3: 0 | J3: 0 | K3: 0 | L3: 0 | M3: 0 | N3: 0 | O3: 0 | P3: 0 | Q3: 0 | R3: 0 | S3: 0 | T3: 0 | U3: 0 | V3: 0 | W3: 205 | X3: =B3 -> STON | Y3: 1 | AK3: UG Racing | AL3: UGRA | AM3: 1 | AN3: =SUMIF(Drivers!$B$11:$B$222,"*-"&Constructors!$AL3&"-*",Drivers!C$11:C$222) -> 18 | AO3: =SUMIF(Drivers!$B$11:$B$222,"*-"&Constructors!$AL3&"-*",Drivers!D$11:D$222) -> 18 | AP3: 50 | AQ3: =SUMIF(Drivers!$B$11:$B$222,"*-"&Constructors!$AL3&"-*",Drivers!E$11:E$222) -> 51 | AR3: =SUMIF(Drivers!$B$11:$B$222,"*-"&Constructors!$AL3&"-*",Drivers!F$11:F$222) -> 45 | AS3: =SUMIF(Drivers!$B$11:$B$222,"*-"&Constructors!$AL3&"-*",Drivers!G$11:G$222) -> 0 | AT3: =SUMIF(Drivers!$B$11:$B$222,"*-"&Constructors!$AL3&"-*",Drivers!H$11:H$222) -> 0 | AV3: =SUMIF(Drivers!$B$11:$B$222,"*-"&Constructors!$AL3&"-*",Drivers!I$11:I$222) -> 0 | AW3: =SUMIF(Drivers!$B$11:$B$222,"*-"&Constructors!$AL3&"-*",Drivers!J$11:J$222) -> 0 | AY3: =SUMIF(Drivers!$B$11:$B$222,"*-"&Constructors!$AL3&"-*",Drivers!K$11:K$222) -> 0 | AZ3: =SUMIF(Drivers!$B$11:$B$222,"*-"&Constructors!$AL3&"-*",Drivers!L$11:L$222) -> 0 | BB3: =SUMIF(Drivers!$B$11:$B$222,"*-"&Constructors!$AL3&"-*",Drivers!M$11:M$222) -> 0 | BC3: =SUMIF(Drivers!$B$11:$B$222,"*-"&Constructors!$AL3&"-*",Drivers!N$11:N$222) -> 0 | BE3: =SUMIF(Drivers!$B$11:$B$222,"*-"&Constructors!$AL3&"-*",Drivers!O$11:O$222) -> 0 | BF3: =SUMIF(Drivers!$B$11:$B$222,"*-"&Constructors!$AL3&"-*",Drivers!P$11:P$222) -> 0 | BG3: =SUM(AN3:BF3) -> 182
A4: NCME Racing | B4: NCME | C4: 4 | D4: 40 | E4: 42 | F4: 42 | G4: 22 | H4: 42 | I4: 0 | J4: 0 | K4: 0 | L4: 0 | M4: 0 | N4: 0 | O4: 0 | P4: 0 | Q4: 0 | R4: 0 | S4: 0 | T4: 0 | U4: 0 | V4: 0 | W4: 188 | X4: =B4 -> NCME | Y4: 2 | Z4: -1 | AK4: SUFST | AL4: STON | AM4: 2 | AN4: =SUMIF(Drivers!$B$11:$B$222,"*-"&Constructors!$AL4&"-*",Drivers!C$11:C$222) -> 16 | AO4: =SUMIF(Drivers!$B$11:$B$222,"*-"&Constructors!$AL4&"-*",Drivers!D$11:D$222) -> 47 | AP4: 45 | AQ4: =SUMIF(Drivers!$B$11:$B$222,"*-"&Constructors!$AL4&"-*",Drivers!E$11:E$222) -> 46 | AR4: =SUMIF(Drivers!$B$11:$B$222,"*-"&Constructors!$AL4&"-*",Drivers!F$11:F$222) -> 51 | AS4: =SUMIF(Drivers!$B$11:$B$222,"*-"&Constructors!$AL4&"-*",Drivers!G$11:G$222) -> 0 | AT4: =SUMIF(Drivers!$B$11:$B$222,"*-"&Constructors!$AL4&"-*",Drivers!H$11:H$222) -> 0 | AV4: =SUMIF(Drivers!$B$11:$B$222,"*-"&Constructors!$AL4&"-*",Drivers!I$11:I$222) -> 0 | AW4: =SUMIF(Drivers!$B$11:$B$222,"*-"&Constructors!$AL4&"-*",Drivers!J$11:J$222) -> 0 | AY4: =SUMIF(Drivers!$B$11:$B$222,"*-"&Constructors!$AL4&"-*",Drivers!K$11:K$222) -> 0 | AZ4: =SUMIF(Drivers!$B$11:$B$222,"*-"&Constructors!$AL4&"-*",Drivers!L$11:L$222) -> 0 | BB4: =SUMIF(Drivers!$B$11:$B$222,"*-"&Constructors!$AL4&"-*",Drivers!M$11:M$222) -> 0 | BC4: =SUMIF(Drivers!$B$11:$B$222,"*-"&Constructors!$AL4&"-*",Drivers!N$11:N$222) -> 0 | BE4: =SUMIF(Drivers!$B$11:$B$222,"*-"&Constructors!$AL4&"-*",Drivers!O$11:O$222) -> 0 | BF4: =SUMIF(Drivers!$B$11:$B$222,"*-"&Constructors!$AL4&"-*",Drivers!P$11:P$222) -> 0 | BG4: =SUM(AN4:BF4) -> 205
A5: UG Racing | B5: UGRA | C5: 1 | D5: 18 | E5: 18 | F5: 50 | G5: 51 | H5: 45 | I5: 0 | J5: 0 | K5: 0 | L5: 0 | M5: 0 | N5: 0 | O5: 0 | P5: 0 | Q5: 0 | R5: 0 | S5: 0 | T5: 0 | U5: 0 | V5: 0 | W5: 182 | X5: =B5 -> UGRA | Y5: 3 | AK5: HERT | AL5: HULLA | AM5: 3 | AN5: =SUMIF(Drivers!$B$11:$B$222,"*-"&Constructors!$AL5&"-*",Drivers!C$11:C$222) -> 38 | AO5: =SUMIF(Drivers!$B$11:$B$222,"*-"&Constructors!$AL5&"-*",Drivers!D$11:D$222) -> 36 | AP5: 20 | AQ5: =SUMIF(Drivers!$B$11:$B$222,"*-"&Constructors!$AL5&"-*",Drivers!E$11:E$222) -> 42 | AR5: =SUMIF(Drivers!$B$11:$B$222,"*-"&Constructors!$AL5&"-*",Drivers!F$11:F$222) -> 22 | AS5: =SUMIF(Drivers!$B$11:$B$222,"*-"&Constructors!$AL5&"-*",Drivers!G$11:G$222) -> 0 | AT5: =SUMIF(Drivers!$B$11:$B$222,"*-"&Constructors!$AL5&"-*",Drivers!H$11:H$222) -> 0 | AV5: =SUMIF(Drivers!$B$11:$B$222,"*-"&Constructors!$AL5&"-*",Drivers!I$11:I$222) -> 0 | AW5: =SUMIF(Drivers!$B$11:$B$222,"*-"&Constructors!$AL5&"-*",Drivers!J$11:J$222) -> 0 | AY5: =SUMIF(Drivers!$B$11:$B$222,"*-"&Constructors!$AL5&"-*",Drivers!K$11:K$222) -> 0 | AZ5: =SUMIF(Drivers!$B$11:$B$222,"*-"&Constructors!$AL5&"-*",Drivers!L$11:L$222) -> 0 | BB5: =SUMIF(Drivers!$B$11:$B$222,"*-"&Constructors!$AL5&"-*",Drivers!M$11:M$222) -> 0 | BC5: =SUMIF(Drivers!$B$11:$B$222,"*-"&Constructors!$AL5&"-*",Drivers!N$11:N$222) -> 0 | BE5: =SUMIF(Drivers!$B$11:$B$222,"*-"&Constructors!$AL5&"-*",Drivers!O$11:O$222) -> 0 | BF5: =SUMIF(Drivers!$B$11:$B$222,"*-"&Constructors!$AL5&"-*",Drivers!P$11:P$222) -> 0 | BG5: =SUM(AN5:BF5) -> 158
A6: UVigo Motorsport | B6: VIGO | C6: 40 | D6: 46 | E6: 50 | F6: 32 | G6: 26 | H6: 25 | I6: 0 | J6: 0 | K6: 0 | L6: 0 | M6: 0 | N6: 0 | O6: 0 | P6: 0 | Q6: 0 | R6: 0 | S6: 0 | T6: 0 | U6: 0 | V6: 0 | W6: 179 | X6: =B6 -> VIGO | Y6: 4 | Z6: 1 | AK6: NCME Racing | AL6: NCME | AM6: 4 | AN6: =SUMIF(Drivers!$B$11:$B$222,"*-"&Constructors!$AL6&"-*",Drivers!C$11:C$222) -> 40 | AO6: =SUMIF(Drivers!$B$11:$B$222,"*-"&Constructors!$AL6&"-*",Drivers!D$11:D$222) -> 42 | AP6: 42 | AQ6: =SUMIF(Drivers!$B$11:$B$222,"*-"&Constructors!$AL6&"-*",Drivers!E$11:E$222) -> 22 | AR6: =SUMIF(Drivers!$B$11:$B$222,"*-"&Constructors!$AL6&"-*",Drivers!F$11:F$222) -> 42 | AS6: =SUMIF(Drivers!$B$11:$B$222,"*-"&Constructors!$AL6&"-*",Drivers!G$11:G$222) -> 0 | AT6: =SUMIF(Drivers!$B$11:$B$222,"*-"&Constructors!$AL6&"-*",Drivers!H$11:H$222) -> 0 | AV6: =SUMIF(Drivers!$B$11:$B$222,"*-"&Constructors!$AL6&"-*",Drivers!I$11:I$222) -> 0 | AW6: =SUMIF(Drivers!$B$11:$B$222,"*-"&Constructors!$AL6&"-*",Drivers!J$11:J$222) -> 0 | AY6: =SUMIF(Drivers!$B$11:$B$222,"*-"&Constructors!$AL6&"-*",Drivers!K$11:K$222) -> 0 | AZ6: =SUMIF(Drivers!$B$11:$B$222,"*-"&Constructors!$AL6&"-*",Drivers!L$11:L$222) -> 0 | BB6: =SUMIF(Drivers!$B$11:$B$222,"*-"&Constructors!$AL6&"-*",Drivers!M$11:M$222) -> 0 | BC6: =SUMIF(Drivers!$B$11:$B$222,"*-"&Constructors!$AL6&"-*",Drivers!N$11:N$222) -> 0 | BE6: =SUMIF(Drivers!$B$11:$B$222,"*-"&Constructors!$AL6&"-*",Drivers!O$11:O$222) -> 0 | BF6: =SUMIF(Drivers!$B$11:$B$222,"*-"&Constructors!$AL6&"-*",Drivers!P$11:P$222) -> 0 | BG6: =SUM(AN6:BF6) -> 188
A7: HERT | B7: HULLA | C7: 3 | D7: 38 | E7: 36 | F7: 20 | G7: 42 | H7: 22 | I7: 0 | J7: 0 | K7: 0 | L7: 0 | M7: 0 | N7: 0 | O7: 0 | P7: 0 | Q7: 0 | R7: 0 | S7: 0 | T7: 0 | U7: 0 | V7: 0 | W7: 158 | X7: =B7 -> HULLA | Y7: 5 | AK7: UWTSD Sim Racing Team | AL7: UWTSD | AM7: 5 | AN7: =SUMIF(Drivers!$B$11:$B$222,"*-"&Constructors!$AL7&"-*",Drivers!C$11:C$222) -> 16 | AO7: =SUMIF(Drivers!$B$11:$B$222,"*-"&Constructors!$AL7&"-*",Drivers!D$11:D$222) -> 40 | AQ7: =SUMIF(Drivers!$B$11:$B$222,"*-"&Constructors!$AL7&"-*",Drivers!E$11:E$222) -> 24 | AR7: =SUMIF(Drivers!$B$11:$B$222,"*-"&Constructors!$AL7&"-*",Drivers!F$11:F$222) -> 7 | AS7: =SUMIF(Drivers!$B$11:$B$222,"*-"&Constructors!$AL7&"-*",Drivers!G$11:G$222) -> 0 | AT7: =SUMIF(Drivers!$B$11:$B$222,"*-"&Constructors!$AL7&"-*",Drivers!H$11:H$222) -> 0 | AV7: =SUMIF(Drivers!$B$11:$B$222,"*-"&Constructors!$AL7&"-*",Drivers!I$11:I$222) -> 0 | AW7: =SUMIF(Drivers!$B$11:$B$222,"*-"&Constructors!$AL7&"-*",Drivers!J$11:J$222) -> 0 | AY7: =SUMIF(Drivers!$B$11:$B$222,"*-"&Constructors!$AL7&"-*",Drivers!K$11:K$222) -> 0 | AZ7: =SUMIF(Drivers!$B$11:$B$222,"*-"&Constructors!$AL7&"-*",Drivers!L$11:L$222) -> 0 | BB7: =SUMIF(Drivers!$B$11:$B$222,"*-"&Constructors!$AL7&"-*",Drivers!M$11:M$222) -> 0 | BC7: =SUMIF(Drivers!$B$11:$B$222,"*-"&Constructors!$AL7&"-*",Drivers!N$11:N$222) -> 0 | BE7: =SUMIF(Drivers!$B$11:$B$222,"*-"&Constructors!$AL7&"-*",Drivers!O$11:O$222) -> 0 | BF7: =SUMIF(Drivers!$B$11:$B$222,"*-"&Constructors!$AL7&"-*",Drivers!P$11:P$222) -> 0 | BG7: =SUM(AN7:BF7) -> 87
A8: Salford Racing | B8: SALF | C8: 6 | D8: 42 | E8: 25 | F8: 0 | G8: 36 | H8: 42 | I8: 0 | J8: 0 | K8: 0 | L8: 0 | M8: 0 | N8: 0 | O8: 0 | P8: 0 | Q8: 0 | R8: 0 | S8: 0 | T8: 0 | U8: 0 | V8: 0 | W8: 145 | X8: =B8 -> SALF | Y8: 6 | AK8: Salford Racing | AL8: SALF | AM8: 6 | AN8: =SUMIF(Drivers!$B$11:$B$222,"*-"&Constructors!$AL8&"-*",Drivers!C$11:C$222) -> 42 | AO8: =SUMIF(Drivers!$B$11:$B$222,"*-"&Constructors!$AL8&"-*",Drivers!D$11:D$222) -> 25 | AP8: 0 | AQ8: =SUMIF(Drivers!$B$11:$B$222,"*-"&Constructors!$AL8&"-*",Drivers!E$11:E$222) -> 36 | AR8: =SUMIF(Drivers!$B$11:$B$222,"*-"&Constructors!$AL8&"-*",Drivers!F$11:F$222) -> 42 | AS8: =SUMIF(Drivers!$B$11:$B$222,"*-"&Constructors!$AL8&"-*",Drivers!G$11:G$222) -> 0 | AT8: =SUMIF(Drivers!$B$11:$B$222,"*-"&Constructors!$AL8&"-*",Drivers!H$11:H$222) -> 0 | AV8: =SUMIF(Drivers!$B$11:$B$222,"*-"&Constructors!$AL8&"-*",Drivers!I$11:I$222) -> 0 | AW8: =SUMIF(Drivers!$B$11:$B$222,"*-"&Constructors!$AL8&"-*",Drivers!J$11:J$222) -> 0 | AY8: =SUMIF(Drivers!$B$11:$B$222,"*-"&Constructors!$AL8&"-*",Drivers!K$11:K$222) -> 0 | AZ8: =SUMIF(Drivers!$B$11:$B$222,"*-"&Constructors!$AL8&"-*",Drivers!L$11:L$222) -> 0 | BB8: =SUMIF(Drivers!$B$11:$B$222,"*-"&Constructors!$AL8&"-*",Drivers!M$11:M$222) -> 0 | BC8: =SUMIF(Drivers!$B$11:$B$222,"*-"&Constructors!$AL8&"-*",Drivers!N$11:N$222) -> 0 | BE8: =SUMIF(Drivers!$B$11:$B$222,"*-"&Constructors!$AL8&"-*",Drivers!O$11:O$222) -> 0 | BF8: =SUMIF(Drivers!$B$11:$B$222,"*-"&Constructors!$AL8&"-*",Drivers!P$11:P$222) -> 0 | BG8: =SUM(AN8:BF8) -> 145
A9: UCD Formula Student | B9: UCD | C9: 35 | D9: 29 | E9: 26 | F9: 40 | G9: 19 | H9: 28 | I9: 0 | J9: 0 | K9: 0 | L9: 0 | M9: 0 | N9: 0 | O9: 0 | P9: 0 | Q9: 0 | R9: 0 | S9: 0 | T9: 0 | U9: 0 | V9: 0 | W9: 142 | X9: =B9 -> UCD | Y9: 7 | AK9: USM | AL9: USM | AM9: 7 | AN9: =SUMIF(Drivers!$B$11:$B$222,"*-"&Constructors!$AL9&"-*",Drivers!C$11:C$222) -> 22 | AO9: =SUMIF(Drivers!$B$11:$B$222,"*-"&Constructors!$AL9&"-*",Drivers!D$11:D$222) -> 20 | AP9: 36 | AQ9: =SUMIF(Drivers!$B$11:$B$222,"*-"&Constructors!$AL9&"-*",Drivers!E$11:E$222) -> 0 | AR9: =SUMIF(Drivers!$B$11:$B$222,"*-"&Constructors!$AL9&"-*",Drivers!F$11:F$222) -> 0 | AS9: =SUMIF(Drivers!$B$11:$B$222,"*-"&Constructors!$AL9&"-*",Drivers!G$11:G$222) -> 0 | AT9: =SUMIF(Drivers!$B$11:$B$222,"*-"&Constructors!$AL9&"-*",Drivers!H$11:H$222) -> 0 | AV9: =SUMIF(Drivers!$B$11:$B$222,"*-"&Constructors!$AL9&"-*",Drivers!I$11:I$222) -> 0 | AW9: =SUMIF(Drivers!$B$11:$B$222,"*-"&Constructors!$AL9&"-*",Drivers!J$11:J$222) -> 0 | AY9: =SUMIF(Drivers!$B$11:$B$222,"*-"&Constructors!$AL9&"-*",Drivers!K$11:K$222) -> 0 | AZ9: =SUMIF(Drivers!$B$11:$B$222,"*-"&Constructors!$AL9&"-*",Drivers!L$11:L$222) -> 0 | BB9: =SUMIF(Drivers!$B$11:$B$222,"*-"&Constructors!$AL9&"-*",Drivers!M$11:M$222) -> 0 | BC9: =SUMIF(Drivers!$B$11:$B$222,"*-"&Constructors!$AL9&"-*",Drivers!N$11:N$222) -> 0 | BE9: =SUMIF(Drivers!$B$11:$B$222,"*-"&Constructors!$AL9&"-*",Drivers!O$11:O$222) -> 0 | BF9: =SUMIF(Drivers!$B$11:$B$222,"*-"&Constructors!$AL9&"-*",Drivers!P$11:P$222) -> 0 | BG9: =SUM(AN9:BF9) -> 78
A10: UPRacing Alternative Fuel | B10: UPRAF | C10: 48 | D10: 50 | E10: 15 | F10: 0 | G10: 39 | H10: 32 | I10: 0 | J10: 0 | K10: 0 | L10: 0 | M10: 0 | N10: 0 | O10: 0 | P10: 0 | Q10: 0 | R10: 0 | S10: 0 | T10: 0 | U10: 0 | V10: 0 | W10: 136 | X10: =B10 -> UPRAF | Y10: 8 | AK10: Cardiff Racing | AL10: CARD | AM10: 8 | AN10: =SUMIF(Drivers!$B$11:$B$222,"*-"&Constructors!$AL10&"-*",Drivers!C$11:C$222) -> 30 | AO10: =SUMIF(Drivers!$B$11:$B$222,"*-"&Constructors!$AL10&"-*",Drivers!D$11:D$222) -> 17 | AP10: 28 | AQ10: =SUMIF(Drivers!$B$11:$B$222,"*-"&Constructors!$AL10&"-*",Drivers!E$11:E$222) -> 18 | AR10: =SUMIF(Drivers!$B$11:$B$222,"*-"&Constructors!$AL10&"-*",Drivers!F$11:F$222) -> 36 | AS10: =SUMIF(Drivers!$B$11:$B$222,"*-"&Constructors!$AL10&"-*",Drivers!G$11:G$222) -> 0 | AT10: =SUMIF(Drivers!$B$11:$B$222,"*-"&Constructors!$AL10&"-*",Drivers!H$11:H$222) -> 0 | AV10: =SUMIF(Drivers!$B$11:$B$222,"*-"&Constructors!$AL10&"-*",Drivers!I$11:I$222) -> 0 | AW10: =SUMIF(Drivers!$B$11:$B$222,"*-"&Constructors!$AL10&"-*",Drivers!J$11:J$222) -> 0 | AY10: =SUMIF(Drivers!$B$11:$B$222,"*-"&Constructors!$AL10&"-*",Drivers!K$11:K$222) -> 0 | AZ10: =SUMIF(Drivers!$B$11:$B$222,"*-"&Constructors!$AL10&"-*",Drivers!L$11:L$222) -> 0 | BB10: =SUMIF(Drivers!$B$11:$B$222,"*-"&Constructors!$AL10&"-*",Drivers!M$11:M$222) -> 0 | BC10: =SUMIF(Drivers!$B$11:$B$222,"*-"&Constructors!$AL10&"-*",Drivers!N$11:N$222) -> 0 | BE10: =SUMIF(Drivers!$B$11:$B$222,"*-"&Constructors!$AL10&"-*",Drivers!O$11:O$222) -> 0 | BF10: =SUMIF(Drivers!$B$11:$B$222,"*-"&Constructors!$AL10&"-*",Drivers!P$11:P$222) -> 0 | BG10: =SUM(AN10:BF10) -> 129
A11: Cardiff Racing | B11: CARD | C11: 8 | D11: 30 | E11: 17 | F11: 28 | G11: 18 | H11: 36 | I11: 0 | J11: 0 | K11: 0 | L11: 0 | M11: 0 | N11: 0 | O11: 0 | P11: 0 | Q11: 0 | R11: 0 | S11: 0 | T11: 0 | U11: 0 | V11: 0 | W11: 129 | X11: =B11 -> CARD | Y11: 9 | AK11: Fuosr mofu Alala Svtau)dent Vitoria | AL11: VIT | AM11: 9 | AN11: =SUMIF(Drivers!$B$11:$B$222,"*-"&Constructors!$AL11&"-*",Drivers!C$11:C$222) -> 8 | AO11: =SUMIF(Drivers!$B$11:$B$222,"*-"&Constructors!$AL11&"-*",Drivers!D$11:D$222) -> 14 | AQ11: =SUMIF(Drivers!$B$11:$B$222,"*-"&Constructors!$AL11&"-*",Drivers!E$11:E$222) -> 30 | AR11: =SUMIF(Drivers!$B$11:$B$222,"*-"&Constructors!$AL11&"-*",Drivers!F$11:F$222) -> 0 | AS11: =SUMIF(Drivers!$B$11:$B$222,"*-"&Constructors!$AL11&"-*",Drivers!G$11:G$222) -> 0 | AT11: =SUMIF(Drivers!$B$11:$B$222,"*-"&Constructors!$AL11&"-*",Drivers!H$11:H$222) -> 0 | AV11: =SUMIF(Drivers!$B$11:$B$222,"*-"&Constructors!$AL11&"-*",Drivers!I$11:I$222) -> 0 | AW11: =SUMIF(Drivers!$B$11:$B$222,"*-"&Constructors!$AL11&"-*",Drivers!J$11:J$222) -> 0 | AY11: =SUMIF(Drivers!$B$11:$B$222,"*-"&Constructors!$AL11&"-*",Drivers!K$11:K$222) -> 0 | AZ11: =SUMIF(Drivers!$B$11:$B$222,"*-"&Constructors!$AL11&"-*",Drivers!L$11:L$222) -> 0 | BB11: =SUMIF(Drivers!$B$11:$B$222,"*-"&Constructors!$AL11&"-*",Drivers!M$11:M$222) -> 0 | BC11: =SUMIF(Drivers!$B$11:$B$222,"*-"&Constructors!$AL11&"-*",Drivers!N$11:N$222) -> 0 | BE11: =SUMIF(Drivers!$B$11:$B$222,"*-"&Constructors!$AL11&"-*",Drivers!O$11:O$222) -> 0 | BF11: =SUMIF(Drivers!$B$11:$B$222,"*-"&Constructors!$AL11&"-*",Drivers!P$11:P$222) -> 0 | BG11: =SUM(AN11:BF11) -> 52
A12: Team Bath Racing Electric | B12: BATH | C12: 43 | D12: 26 | E12: 34 | F12: 0 | G12: 26 | H12: 38 | I12: 0 | J12: 0 | K12: 0 | L12: 0 | M12: 0 | N12: 0 | O12: 0 | P12: 0 | Q12: 0 | R12: 0 | S12: 0 | T12: 0 | U12: 0 | V12: 0 | W12: 124 | X12: =B12 -> BATH | Y12: 10 | AK12: ION Racing | AL12: ION | AM12: 10 | AN12: =SUMIF(Drivers!$B$11:$B$222,"*-"&Constructors!$AL12&"-*",Drivers!C$11:C$222) -> 0 | AO12: =SUMIF(Drivers!$B$11:$B$222,"*-"&Constructors!$AL12&"-*",Drivers!D$11:D$222) -> 0 | AQ12: =SUMIF(Drivers!$B$11:$B$222,"*-"&Constructors!$AL12&"-*",Drivers!E$11:E$222) -> 11 | AR12: =SUMIF(Drivers!$B$11:$B$222,"*-"&Constructors!$AL12&"-*",Drivers!F$11:F$222) -> 20 | AS12: =SUMIF(Drivers!$B$11:$B$222,"*-"&Constructors!$AL12&"-*",Drivers!G$11:G$222) -> 0 | AT12: =SUMIF(Drivers!$B$11:$B$222,"*-"&Constructors!$AL12&"-*",Drivers!H$11:H$222) -> 0 | AV12: =SUMIF(Drivers!$B$11:$B$222,"*-"&Constructors!$AL12&"-*",Drivers!I$11:I$222) -> 0 | AW12: =SUMIF(Drivers!$B$11:$B$222,"*-"&Constructors!$AL12&"-*",Drivers!J$11:J$222) -> 0 | AY12: =SUMIF(Drivers!$B$11:$B$222,"*-"&Constructors!$AL12&"-*",Drivers!K$11:K$222) -> 0 | AZ12: =SUMIF(Drivers!$B$11:$B$222,"*-"&Constructors!$AL12&"-*",Drivers!L$11:L$222) -> 0 | BB12: =SUMIF(Drivers!$B$11:$B$222,"*-"&Constructors!$AL12&"-*",Drivers!M$11:M$222) -> 0 | BC12: =SUMIF(Drivers!$B$11:$B$222,"*-"&Constructors!$AL12&"-*",Drivers!N$11:N$222) -> 0 | BE12: =SUMIF(Drivers!$B$11:$B$222,"*-"&Constructors!$AL12&"-*",Drivers!O$11:O$222) -> 0 | BF12: =SUMIF(Drivers!$B$11:$B$222,"*-"&Constructors!$AL12&"-*",Drivers!P$11:P$222) -> 0 | BG12: =SUM(AN12:BF12) -> 31
A13: oRgeyd Bird Racing | B13: RBRT | C13: 41 | D13: 15 | E13: 32 | F13: 20 | G13: 16 | H13: 26 | I13: 0 | J13: 0 | K13: 0 | L13: 0 | M13: 0 | N13: 0 | O13: 0 | P13: 0 | Q13: 0 | R13: 0 | S13: 0 | T13: 0 | U13: 0 | V13: 0 | W13: 109 | X13: =B13 -> RBRT | Y13: 11 | AK13: Full Blue Racing | AL13: CAMA | AM13: 11 | AN13: =SUMIF(Drivers!$B$11:$B$222,"*-"&Constructors!$AL13&"-*",Drivers!C$11:C$222) -> 12 | AO13: =SUMIF(Drivers!$B$11:$B$222,"*-"&Constructors!$AL13&"-*",Drivers!D$11:D$222) -> 14 | AQ13: =SUMIF(Drivers!$B$11:$B$222,"*-"&Constructors!$AL13&"-*",Drivers!E$11:E$222) -> 0 | AR13: =SUMIF(Drivers!$B$11:$B$222,"*-"&Constructors!$AL13&"-*",Drivers!F$11:F$222) -> 0 | AS13: =SUMIF(Drivers!$B$11:$B$222,"*-"&Constructors!$AL13&"-*",Drivers!G$11:G$222) -> 0 | AT13: =SUMIF(Drivers!$B$11:$B$222,"*-"&Constructors!$AL13&"-*",Drivers!H$11:H$222) -> 0 | AV13: =SUMIF(Drivers!$B$11:$B$222,"*-"&Constructors!$AL13&"-*",Drivers!I$11:I$222) -> 0 | AW13: =SUMIF(Drivers!$B$11:$B$222,"*-"&Constructors!$AL13&"-*",Drivers!J$11:J$222) -> 0 | AY13: =SUMIF(Drivers!$B$11:$B$222,"*-"&Constructors!$AL13&"-*",Drivers!K$11:K$222) -> 0 | AZ13: =SUMIF(Drivers!$B$11:$B$222,"*-"&Constructors!$AL13&"-*",Drivers!L$11:L$222) -> 0 | BB13: =SUMIF(Drivers!$B$11:$B$222,"*-"&Constructors!$AL13&"-*",Drivers!M$11:M$222) -> 0 | BC13: =SUMIF(Drivers!$B$11:$B$222,"*-"&Constructors!$AL13&"-*",Drivers!N$11:N$222) -> 0 | BE13: =SUMIF(Drivers!$B$11:$B$222,"*-"&Constructors!$AL13&"-*",Drivers!O$11:O$222) -> 0 | BF13: =SUMIF(Drivers!$B$11:$B$222,"*-"&Constructors!$AL13&"-*",Drivers!P$11:P$222) -> 0 | BG13: =SUM(AN13:BF13) -> 26
A14: MTU Formula Student | B14: MTU | C14: 36 | D14: 14 | E14: 19 | F14: 20 | G14: 32 | H14: 18 | I14: 0 | J14: 0 | K14: 0 | L14: 0 | M14: 0 | N14: 0 | O14: 0 | P14: 0 | Q14: 0 | R14: 0 | S14: 0 | T14: 0 | U14: 0 | V14: 0 | W14: 103 | X14: =B14 -> MTU | Y14: 12 | AK14: Kingston Racing | AL14: KING | AM14: 12 | AN14: =SUMIF(Drivers!$B$11:$B$222,"*-"&Constructors!$AL14&"-*",Drivers!C$11:C$222) -> 1 | AO14: =SUMIF(Drivers!$B$11:$B$222,"*-"&Constructors!$AL14&"-*",Drivers!D$11:D$222) -> 0 | AQ14: =SUMIF(Drivers!$B$11:$B$222,"*-"&Constructors!$AL14&"-*",Drivers!E$11:E$222) -> 0 | AR14: =SUMIF(Drivers!$B$11:$B$222,"*-"&Constructors!$AL14&"-*",Drivers!F$11:F$222) -> 15 | AS14: =SUMIF(Drivers!$B$11:$B$222,"*-"&Constructors!$AL14&"-*",Drivers!G$11:G$222) -> 0 | AT14: =SUMIF(Drivers!$B$11:$B$222,"*-"&Constructors!$AL14&"-*",Drivers!H$11:H$222) -> 0 | AV14: =SUMIF(Drivers!$B$11:$B$222,"*-"&Constructors!$AL14&"-*",Drivers!I$11:I$222) -> 0 | AW14: =SUMIF(Drivers!$B$11:$B$222,"*-"&Constructors!$AL14&"-*",Drivers!J$11:J$222) -> 0 | AY14: =SUMIF(Drivers!$B$11:$B$222,"*-"&Constructors!$AL14&"-*",Drivers!K$11:K$222) -> 0 | AZ14: =SUMIF(Drivers!$B$11:$B$222,"*-"&Constructors!$AL14&"-*",Drivers!L$11:L$222) -> 0 | BB14: =SUMIF(Drivers!$B$11:$B$222,"*-"&Constructors!$AL14&"-*",Drivers!M$11:M$222) -> 0 | BC14: =SUMIF(Drivers!$B$11:$B$222,"*-"&Constructors!$AL14&"-*",Drivers!N$11:N$222) -> 0 | BE14: =SUMIF(Drivers!$B$11:$B$222,"*-"&Constructors!$AL14&"-*",Drivers!O$11:O$222) -> 0 | BF14: =SUMIF(Drivers!$B$11:$B$222,"*-"&Constructors!$AL14&"-*",Drivers!P$11:P$222) -> 0 | BG14: =SUM(AN14:BF14) -> 16
A15: Queen Mary Formula Student | B15: QMFS | C15: 51 | D15: 2 | E15: 38 | F15: 30 | G15: 12 | H15: 18 | I15: 0 | J15: 0 | K15: 0 | L15: 0 | M15: 0 | N15: 0 | O15: 0 | P15: 0 | Q15: 0 | R15: 0 | S15: 0 | T15: 0 | U15: 0 | V15: 0 | W15: 100 | X15: =B15 -> QMFS | Y15: 13 | AK15: OUSR - Oxford University Sim Racing | AL15: OUSR | AM15: 13 | AN15: =SUMIF(Drivers!$B$11:$B$222,"*-"&Constructors!$AL15&"-*",Drivers!C$11:C$222) -> 0 | AO15: =SUMIF(Drivers!$B$11:$B$222,"*-"&Constructors!$AL15&"-*",Drivers!D$11:D$222) -> 0 | AQ15: =SUMIF(Drivers!$B$11:$B$222,"*-"&Constructors!$AL15&"-*",Drivers!E$11:E$222) -> 0 | AR15: =SUMIF(Drivers!$B$11:$B$222,"*-"&Constructors!$AL15&"-*",Drivers!F$11:F$222) -> 0 | AS15: =SUMIF(Drivers!$B$11:$B$222,"*-"&Constructors!$AL15&"-*",Drivers!G$11:G$222) -> 0 | AT15: =SUMIF(Drivers!$B$11:$B$222,"*-"&Constructors!$AL15&"-*",Drivers!H$11:H$222) -> 0 | AV15: =SUMIF(Drivers!$B$11:$B$222,"*-"&Constructors!$AL15&"-*",Drivers!I$11:I$222) -> 0 | AW15: =SUMIF(Drivers!$B$11:$B$222,"*-"&Constructors!$AL15&"-*",Drivers!J$11:J$222) -> 0 | AY15: =SUMIF(Drivers!$B$11:$B$222,"*-"&Constructors!$AL15&"-*",Drivers!K$11:K$222) -> 0 | AZ15: =SUMIF(Drivers!$B$11:$B$222,"*-"&Constructors!$AL15&"-*",Drivers!L$11:L$222) -> 0 | BB15: =SUMIF(Drivers!$B$11:$B$222,"*-"&Constructors!$AL15&"-*",Drivers!M$11:M$222) -> 0 | BC15: =SUMIF(Drivers!$B$11:$B$222,"*-"&Constructors!$AL15&"-*",Drivers!N$11:N$222) -> 0 | BE15: =SUMIF(Drivers!$B$11:$B$222,"*-"&Constructors!$AL15&"-*",Drivers!O$11:O$222) -> 0 | BF15: =SUMIF(Drivers!$B$11:$B$222,"*-"&Constructors!$AL15&"-*",Drivers!P$11:P$222) -> 0 | BG15: =SUM(AN15:BF15) -> 0
A16: LJMU e-Racing | B16: LJMU | C16: 50 | D16: 0 | E16: 24 | F16: 0 | G16: 40 | H16: 30 | I16: 0 | J16: 0 | K16: 0 | L16: 0 | M16: 0 | N16: 0 | O16: 0 | P16: 0 | Q16: 0 | R16: 0 | S16: 0 | T16: 0 | U16: 0 | V16: 0 | W16: 94 | X16: =B16 -> LJMU | Y16: 14 | AK16: Team Aberdeen University (TAU) | AL16: TAU | AM16: 14 | AN16: =SUMIF(Drivers!$B$11:$B$222,"*-"&Constructors!$AL16&"-*",Drivers!C$11:C$222) -> 5 | AO16: =SUMIF(Drivers!$B$11:$B$222,"*-"&Constructors!$AL16&"-*",Drivers!D$11:D$222) -> 19 | AP16: 0 | AQ16: =SUMIF(Drivers!$B$11:$B$222,"*-"&Constructors!$AL16&"-*",Drivers!E$11:E$222) -> 14 | AR16: =SUMIF(Drivers!$B$11:$B$222,"*-"&Constructors!$AL16&"-*",Drivers!F$11:F$222) -> 17 | AS16: =SUMIF(Drivers!$B$11:$B$222,"*-"&Constructors!$AL16&"-*",Drivers!G$11:G$222) -> 0 | AT16: =SUMIF(Drivers!$B$11:$B$222,"*-"&Constructors!$AL16&"-*",Drivers!H$11:H$222) -> 0 | AV16: =SUMIF(Drivers!$B$11:$B$222,"*-"&Constructors!$AL16&"-*",Drivers!I$11:I$222) -> 0 | AW16: =SUMIF(Drivers!$B$11:$B$222,"*-"&Constructors!$AL16&"-*",Drivers!J$11:J$222) -> 0 | AY16: =SUMIF(Drivers!$B$11:$B$222,"*-"&Constructors!$AL16&"-*",Drivers!K$11:K$222) -> 0 | AZ16: =SUMIF(Drivers!$B$11:$B$222,"*-"&Constructors!$AL16&"-*",Drivers!L$11:L$222) -> 0 | BB16: =SUMIF(Drivers!$B$11:$B$222,"*-"&Constructors!$AL16&"-*",Drivers!M$11:M$222) -> 0 | BC16: =SUMIF(Drivers!$B$11:$B$222,"*-"&Constructors!$AL16&"-*",Drivers!N$11:N$222) -> 0 | BE16: =SUMIF(Drivers!$B$11:$B$222,"*-"&Constructors!$AL16&"-*",Drivers!O$11:O$222) -> 0 | BF16: =SUMIF(Drivers!$B$11:$B$222,"*-"&Constructors!$AL16&"-*",Drivers!P$11:P$222) -> 0 | BG16: =SUM(AN16:BF16) -> 55
A17: XRacing Exeter | B17: EXET | C17: 38 | D17: 36 | E17: 8 | F17: 0 | G17: 20 | H17: 24 | I17: 0 | J17: 0 | K17: 0 | L17: 0 | M17: 0 | N17: 0 | O17: 0 | P17: 0 | Q17: 0 | R17: 0 | S17: 0 | T17: 0 | U17: 0 | V17: 0 | W17: 88 | X17: =B17 -> EXET | Y17: 15 | Z17: 1 | AK17: Lassonde Motorsports | AL17: LASS | AM17: 15 | AN17: =SUMIF(Drivers!$B$11:$B$222,"*-"&Constructors!$AL17&"-*",Drivers!C$11:C$222) -> 5 | AO17: =SUMIF(Drivers!$B$11:$B$222,"*-"&Constructors!$AL17&"-*",Drivers!D$11:D$222) -> 20 | AQ17: =SUMIF(Drivers!$B$11:$B$222,"*-"&Constructors!$AL17&"-*",Drivers!E$11:E$222) -> 0 | AR17: =SUMIF(Drivers!$B$11:$B$222,"*-"&Constructors!$AL17&"-*",Drivers!F$11:F$222) -> 0 | AS17: =SUMIF(Drivers!$B$11:$B$222,"*-"&Constructors!$AL17&"-*",Drivers!G$11:G$222) -> 0 | AT17: =SUMIF(Drivers!$B$11:$B$222,"*-"&Constructors!$AL17&"-*",Drivers!H$11:H$222) -> 0 | AV17: =SUMIF(Drivers!$B$11:$B$222,"*-"&Constructors!$AL17&"-*",Drivers!I$11:I$222) -> 0 | AW17: =SUMIF(Drivers!$B$11:$B$222,"*-"&Constructors!$AL17&"-*",Drivers!J$11:J$222) -> 0 | AY17: =SUMIF(Drivers!$B$11:$B$222,"*-"&Constructors!$AL17&"-*",Drivers!K$11:K$222) -> 0 | AZ17: =SUMIF(Drivers!$B$11:$B$222,"*-"&Constructors!$AL17&"-*",Drivers!L$11:L$222) -> 0 | BB17: =SUMIF(Drivers!$B$11:$B$222,"*-"&Constructors!$AL17&"-*",Drivers!M$11:M$222) -> 0 | BC17: =SUMIF(Drivers!$B$11:$B$222,"*-"&Constructors!$AL17&"-*",Drivers!N$11:N$222) -> 0 | BE17: =SUMIF(Drivers!$B$11:$B$222,"*-"&Constructors!$AL17&"-*",Drivers!O$11:O$222) -> 0 | BF17: =SUMIF(Drivers!$B$11:$B$222,"*-"&Constructors!$AL17&"-*",Drivers!P$11:P$222) -> 0 | BG17: =SUM(AN17:BF17) -> 25
A18: UWTSD Sim Racing Team | B18: UWTSD | C18: 5 | D18: 16 | E18: 40 | F18: 0 | G18: 24 | H18: 7 | I18: 0 | J18: 0 | K18: 0 | L18: 0 | M18: 0 | N18: 0 | O18: 0 | P18: 0 | Q18: 0 | R18: 0 | S18: 0 | T18: 0 | U18: 0 | V18: 0 | W18: 87 | X18: =B18 -> UWTSD | Y18: 16 | AK18: Manchester Stinger Motorsports | AL18: MAN | AM18: 16 | AN18: =SUMIF(Drivers!$B$11:$B$222,"*-"&Constructors!$AL18&"-*",Drivers!C$11:C$222) -> 20 | AO18: =SUMIF(Drivers!$B$11:$B$222,"*-"&Constructors!$AL18&"-*",Drivers!D$11:D$222) -> 5 | AP18: 0 | AQ18: =SUMIF(Drivers!$B$11:$B$222,"*-"&Constructors!$AL18&"-*",Drivers!E$11:E$222) -> 14 | AR18: =SUMIF(Drivers!$B$11:$B$222,"*-"&Constructors!$AL18&"-*",Drivers!F$11:F$222) -> 14 | AS18: =SUMIF(Drivers!$B$11:$B$222,"*-"&Constructors!$AL18&"-*",Drivers!G$11:G$222) -> 0 | AT18: =SUMIF(Drivers!$B$11:$B$222,"*-"&Constructors!$AL18&"-*",Drivers!H$11:H$222) -> 0 | AV18: =SUMIF(Drivers!$B$11:$B$222,"*-"&Constructors!$AL18&"-*",Drivers!I$11:I$222) -> 0 | AW18: =SUMIF(Drivers!$B$11:$B$222,"*-"&Constructors!$AL18&"-*",Drivers!J$11:J$222) -> 0 | AY18: =SUMIF(Drivers!$B$11:$B$222,"*-"&Constructors!$AL18&"-*",Drivers!K$11:K$222) -> 0 | AZ18: =SUMIF(Drivers!$B$11:$B$222,"*-"&Constructors!$AL18&"-*",Drivers!L$11:L$222) -> 0 | BB18: =SUMIF(Drivers!$B$11:$B$222,"*-"&Constructors!$AL18&"-*",Drivers!M$11:M$222) -> 0 | BC18: =SUMIF(Drivers!$B$11:$B$222,"*-"&Constructors!$AL18&"-*",Drivers!N$11:N$222) -> 0 | BE18: =SUMIF(Drivers!$B$11:$B$222,"*-"&Constructors!$AL18&"-*",Drivers!O$11:O$222) -> 0 | BF18: =SUMIF(Drivers!$B$11:$B$222,"*-"&Constructors!$AL18&"-*",Drivers!P$11:P$222) -> 0 | BG18: =SUM(AN18:BF18) -> 53
A19: Staffordshire Uni Racing | B19: STAF | C19: 21 | D19: 22 | E19: 0 | F19: 20 | G19: 28 | H19: 16 | I19: 0 | J19: 0 | K19: 0 | L19: 0 | M19: 0 | N19: 0 | O19: 0 | P19: 0 | Q19: 0 | R19: 0 | S19: 0 | T19: 0 | U19: 0 | V19: 0 | W19: 86 | X19: =B19 -> STAF | Y19: 17 | AK19: UCL Formula Student | AL19: UCL | AM19: 17 | AN19: =SUMIF(Drivers!$B$11:$B$222,"*-"&Constructors!$AL19&"-*",Drivers!C$11:C$222) -> 3 | AO19: =SUMIF(Drivers!$B$11:$B$222,"*-"&Constructors!$AL19&"-*",Drivers!D$11:D$222) -> 12 | AP19: 38 | AQ19: =SUMIF(Drivers!$B$11:$B$222,"*-"&Constructors!$AL19&"-*",Drivers!E$11:E$222) -> 1 | AR19: =SUMIF(Drivers!$B$11:$B$222,"*-"&Constructors!$AL19&"-*",Drivers!F$11:F$222) -> 0 | AS19: =SUMIF(Drivers!$B$11:$B$222,"*-"&Constructors!$AL19&"-*",Drivers!G$11:G$222) -> 0 | AT19: =SUMIF(Drivers!$B$11:$B$222,"*-"&Constructors!$AL19&"-*",Drivers!H$11:H$222) -> 0 | AV19: =SUMIF(Drivers!$B$11:$B$222,"*-"&Constructors!$AL19&"-*",Drivers!I$11:I$222) -> 0 | AW19: =SUMIF(Drivers!$B$11:$B$222,"*-"&Constructors!$AL19&"-*",Drivers!J$11:J$222) -> 0 | AY19: =SUMIF(Drivers!$B$11:$B$222,"*-"&Constructors!$AL19&"-*",Drivers!K$11:K$222) -> 0 | AZ19: =SUMIF(Drivers!$B$11:$B$222,"*-"&Constructors!$AL19&"-*",Drivers!L$11:L$222) -> 0 | BB19: =SUMIF(Drivers!$B$11:$B$222,"*-"&Constructors!$AL19&"-*",Drivers!M$11:M$222) -> 0 | BC19: =SUMIF(Drivers!$B$11:$B$222,"*-"&Constructors!$AL19&"-*",Drivers!N$11:N$222) -> 0 | BE19: =SUMIF(Drivers!$B$11:$B$222,"*-"&Constructors!$AL19&"-*",Drivers!O$11:O$222) -> 0 | BF19: =SUMIF(Drivers!$B$11:$B$222,"*-"&Constructors!$AL19&"-*",Drivers!P$11:P$222) -> 0 | BG19: =SUM(AN19:BF19) -> 54
A20: Jorvik Racing | B20: YORKA | C20: 19 | D20: 26 | E20: 10 | F20: 26 | G20: 16 | H20: 5 | I20: 0 | J20: 0 | K20: 0 | L20: 0 | M20: 0 | N20: 0 | O20: 0 | P20: 0 | Q20: 0 | R20: 0 | S20: 0 | T20: 0 | U20: 0 | V20: 0 | W20: 83 | X20: =B20 -> YORKA | Y20: 18 | Z20: 1 | AK20: Formula Student Team Napier | AL20: FSTN | AM20: 18 | AN20: =SUMIF(Drivers!$B$11:$B$222,"*-"&Constructors!$AL20&"-*",Drivers!C$11:C$222) -> 19 | AO20: =SUMIF(Drivers!$B$11:$B$222,"*-"&Constructors!$AL20&"-*",Drivers!D$11:D$222) -> 0 | AQ20: =SUMIF(Drivers!$B$11:$B$222,"*-"&Constructors!$AL20&"-*",Drivers!E$11:E$222) -> 6 | AR20: =SUMIF(Drivers!$B$11:$B$222,"*-"&Constructors!$AL20&"-*",Drivers!F$11:F$222) -> 0 | AS20: =SUMIF(Drivers!$B$11:$B$222,"*-"&Constructors!$AL20&"-*",Drivers!G$11:G$222) -> 0 | AT20: =SUMIF(Drivers!$B$11:$B$222,"*-"&Constructors!$AL20&"-*",Drivers!H$11:H$222) -> 0 | AV20: =SUMIF(Drivers!$B$11:$B$222,"*-"&Constructors!$AL20&"-*",Drivers!I$11:I$222) -> 0 | AW20: =SUMIF(Drivers!$B$11:$B$222,"*-"&Constructors!$AL20&"-*",Drivers!J$11:J$222) -> 0 | AY20: =SUMIF(Drivers!$B$11:$B$222,"*-"&Constructors!$AL20&"-*",Drivers!K$11:K$222) -> 0 | AZ20: =SUMIF(Drivers!$B$11:$B$222,"*-"&Constructors!$AL20&"-*",Drivers!L$11:L$222) -> 0 | BB20: =SUMIF(Drivers!$B$11:$B$222,"*-"&Constructors!$AL20&"-*",Drivers!M$11:M$222) -> 0 | BC20: =SUMIF(Drivers!$B$11:$B$222,"*-"&Constructors!$AL20&"-*",Drivers!N$11:N$222) -> 0 | BE20: =SUMIF(Drivers!$B$11:$B$222,"*-"&Constructors!$AL20&"-*",Drivers!O$11:O$222) -> 0 | BF20: =SUMIF(Drivers!$B$11:$B$222,"*-"&Constructors!$AL20&"-*",Drivers!P$11:P$222) -> 0 | BG20: =SUM(AN20:BF20) -> 25
A21: UB Racing | B21: UBR | C21: 31 | D21: 14 | E21: 0 | F21: 34 | G21: 18 | H21: 14 | I21: 0 | J21: 0 | K21: 0 | L21: 0 | M21: 0 | N21: 0 | O21: 0 | P21: 0 | Q21: 0 | R21: 0 | S21: 0 | T21: 0 | U21: 0 | V21: 0 | W21: 80 | X21: =B21 -> UBR | Y21: 19 | AK21: Jorvik Racing | AL21: YORKA | AM21: 19 | AN21: =SUMIF(Drivers!$B$11:$B$222,"*-"&Constructors!$AL21&"-*",Drivers!C$11:C$222) -> 26 | AO21: =SUMIF(Drivers!$B$11:$B$222,"*-"&Constructors!$AL21&"-*",Drivers!D$11:D$222) -> 10 | AP21: 26 | AQ21: =SUMIF(Drivers!$B$11:$B$222,"*-"&Constructors!$AL21&"-*",Drivers!E$11:E$222) -> 16 | AR21: =SUMIF(Drivers!$B$11:$B$222,"*-"&Constructors!$AL21&"-*",Drivers!F$11:F$222) -> 5 | AS21: =SUMIF(Drivers!$B$11:$B$222,"*-"&Constructors!$AL21&"-*",Drivers!G$11:G$222) -> 0 | AT21: =SUMIF(Drivers!$B$11:$B$222,"*-"&Constructors!$AL21&"-*",Drivers!H$11:H$222) -> 0 | AV21: =SUMIF(Drivers!$B$11:$B$222,"*-"&Constructors!$AL21&"-*",Drivers!I$11:I$222) -> 0 | AW21: =SUMIF(Drivers!$B$11:$B$222,"*-"&Constructors!$AL21&"-*",Drivers!J$11:J$222) -> 0 | AY21: =SUMIF(Drivers!$B$11:$B$222,"*-"&Constructors!$AL21&"-*",Drivers!K$11:K$222) -> 0 | AZ21: =SUMIF(Drivers!$B$11:$B$222,"*-"&Constructors!$AL21&"-*",Drivers!L$11:L$222) -> 0 | BB21: =SUMIF(Drivers!$B$11:$B$222,"*-"&Constructors!$AL21&"-*",Drivers!M$11:M$222) -> 0 | BC21: =SUMIF(Drivers!$B$11:$B$222,"*-"&Constructors!$AL21&"-*",Drivers!N$11:N$222) -> 0 | BE21: =SUMIF(Drivers!$B$11:$B$222,"*-"&Constructors!$AL21&"-*",Drivers!O$11:O$222) -> 0 | BF21: =SUMIF(Drivers!$B$11:$B$222,"*-"&Constructors!$AL21&"-*",Drivers!P$11:P$222) -> 0 | BG21: =SUM(AN21:BF21) -> 83
A22: HERT B | B22: HULLB | C22: 23 | D22: 33 | E22: 31 | F22: 0 | G22: 15 | H22: 0 | I22: 0 | J22: 0 | K22: 0 | L22: 0 | M22: 0 | N22: 0 | O22: 0 | P22: 0 | Q22: 0 | R22: 0 | S22: 0 | T22: 0 | U22: 0 | V22: 0 | W22: 79 | X22: =B22 -> HULLB | Y22: 20 | AK22: SHU Racing | AL22: SHU | AM22: 20 | AN22: =SUMIF(Drivers!$B$11:$B$222,"*-"&Constructors!$AL22&"-*",Drivers!C$11:C$222) -> 10 | AO22: =SUMIF(Drivers!$B$11:$B$222,"*-"&Constructors!$AL22&"-*",Drivers!D$11:D$222) -> 0 | AP22: 20 | AQ22: =SUMIF(Drivers!$B$11:$B$222,"*-"&Constructors!$AL22&"-*",Drivers!E$11:E$222) -> 0 | AR22: =SUMIF(Drivers!$B$11:$B$222,"*-"&Constructors!$AL22&"-*",Drivers!F$11:F$222) -> 4 | AS22: =SUMIF(Drivers!$B$11:$B$222,"*-"&Constructors!$AL22&"-*",Drivers!G$11:G$222) -> 0 | AT22: =SUMIF(Drivers!$B$11:$B$222,"*-"&Constructors!$AL22&"-*",Drivers!H$11:H$222) -> 0 | AV22: =SUMIF(Drivers!$B$11:$B$222,"*-"&Constructors!$AL22&"-*",Drivers!I$11:I$222) -> 0 | AW22: =SUMIF(Drivers!$B$11:$B$222,"*-"&Constructors!$AL22&"-*",Drivers!J$11:J$222) -> 0 | AY22: =SUMIF(Drivers!$B$11:$B$222,"*-"&Constructors!$AL22&"-*",Drivers!K$11:K$222) -> 0 | AZ22: =SUMIF(Drivers!$B$11:$B$222,"*-"&Constructors!$AL22&"-*",Drivers!L$11:L$222) -> 0 | BB22: =SUMIF(Drivers!$B$11:$B$222,"*-"&Constructors!$AL22&"-*",Drivers!M$11:M$222) -> 0 | BC22: =SUMIF(Drivers!$B$11:$B$222,"*-"&Constructors!$AL22&"-*",Drivers!N$11:N$222) -> 0 | BE22: =SUMIF(Drivers!$B$11:$B$222,"*-"&Constructors!$AL22&"-*",Drivers!O$11:O$222) -> 0 | BF22: =SUMIF(Drivers!$B$11:$B$222,"*-"&Constructors!$AL22&"-*",Drivers!P$11:P$222) -> 0 | BG22: =SUM(AN22:BF22) -> 34
A23: USM | B23: USM | C23: 7 | D23: 22 | E23: 20 | F23: 36 | G23: 0 | H23: 0 | I23: 0 | J23: 0 | K23: 0 | L23: 0 | M23: 0 | N23: 0 | O23: 0 | P23: 0 | Q23: 0 | R23: 0 | S23: 0 | T23: 0 | U23: 0 | V23: 0 | W23: 78 | X23: =B23 -> USM | Y23: 21 | AK23: Staffordshire Uni Racing | AL23: STAF | AM23: 21 | AN23: =SUMIF(Drivers!$B$11:$B$222,"*-"&Constructors!$AL23&"-*",Drivers!C$11:C$222) -> 22 | AO23: =SUMIF(Drivers!$B$11:$B$222,"*-"&Constructors!$AL23&"-*",Drivers!D$11:D$222) -> 0 | AP23: 20 | AQ23: =SUMIF(Drivers!$B$11:$B$222,"*-"&Constructors!$AL23&"-*",Drivers!E$11:E$222) -> 28 | AR23: =SUMIF(Drivers!$B$11:$B$222,"*-"&Constructors!$AL23&"-*",Drivers!F$11:F$222) -> 16 | AS23: =SUMIF(Drivers!$B$11:$B$222,"*-"&Constructors!$AL23&"-*",Drivers!G$11:G$222) -> 0 | AT23: =SUMIF(Drivers!$B$11:$B$222,"*-"&Constructors!$AL23&"-*",Drivers!H$11:H$222) -> 0 | AV23: =SUMIF(Drivers!$B$11:$B$222,"*-"&Constructors!$AL23&"-*",Drivers!I$11:I$222) -> 0 | AW23: =SUMIF(Drivers!$B$11:$B$222,"*-"&Constructors!$AL23&"-*",Drivers!J$11:J$222) -> 0 | AY23: =SUMIF(Drivers!$B$11:$B$222,"*-"&Constructors!$AL23&"-*",Drivers!K$11:K$222) -> 0 | AZ23: =SUMIF(Drivers!$B$11:$B$222,"*-"&Constructors!$AL23&"-*",Drivers!L$11:L$222) -> 0 | BB23: =SUMIF(Drivers!$B$11:$B$222,"*-"&Constructors!$AL23&"-*",Drivers!M$11:M$222) -> 0 | BC23: =SUMIF(Drivers!$B$11:$B$222,"*-"&Constructors!$AL23&"-*",Drivers!N$11:N$222) -> 0 | BE23: =SUMIF(Drivers!$B$11:$B$222,"*-"&Constructors!$AL23&"-*",Drivers!O$11:O$222) -> 0 | BF23: =SUMIF(Drivers!$B$11:$B$222,"*-"&Constructors!$AL23&"-*",Drivers!P$11:P$222) -> 0 | BG23: =SUM(AN23:BF23) -> 86
A24: UPRacing Electric | B24: UPRE | C24: 24 | D24: 24 | E24: 16 | F24: 0 | G24: 21 | H24: 16 | I24: 0 | J24: 0 | K24: 0 | L24: 0 | M24: 0 | N24: 0 | O24: 0 | P24: 0 | Q24: 0 | R24: 0 | S24: 0 | T24: 0 | U24: 0 | V24: 0 | W24: 77 | X24: =B24 -> UPRE | Y24: 22 | AK24: HWRacing | AL24: HW | AM24: 22 | AN24: =SUMIF(Drivers!$B$11:$B$222,"*-"&Constructors!$AL24&"-*",Drivers!C$11:C$222) -> 0 | AO24: =SUMIF(Drivers!$B$11:$B$222,"*-"&Constructors!$AL24&"-*",Drivers!D$11:D$222) -> 16 | AQ24: =SUMIF(Drivers!$B$11:$B$222,"*-"&Constructors!$AL24&"-*",Drivers!E$11:E$222) -> 4 | AR24: =SUMIF(Drivers!$B$11:$B$222,"*-"&Constructors!$AL24&"-*",Drivers!F$11:F$222) -> 3 | AS24: =SUMIF(Drivers!$B$11:$B$222,"*-"&Constructors!$AL24&"-*",Drivers!G$11:G$222) -> 0 | AT24: =SUMIF(Drivers!$B$11:$B$222,"*-"&Constructors!$AL24&"-*",Drivers!H$11:H$222) -> 0 | AV24: =SUMIF(Drivers!$B$11:$B$222,"*-"&Constructors!$AL24&"-*",Drivers!I$11:I$222) -> 0 | AW24: =SUMIF(Drivers!$B$11:$B$222,"*-"&Constructors!$AL24&"-*",Drivers!J$11:J$222) -> 0 | AY24: =SUMIF(Drivers!$B$11:$B$222,"*-"&Constructors!$AL24&"-*",Drivers!K$11:K$222) -> 0 | AZ24: =SUMIF(Drivers!$B$11:$B$222,"*-"&Constructors!$AL24&"-*",Drivers!L$11:L$222) -> 0 | BB24: =SUMIF(Drivers!$B$11:$B$222,"*-"&Constructors!$AL24&"-*",Drivers!M$11:M$222) -> 0 | BC24: =SUMIF(Drivers!$B$11:$B$222,"*-"&Constructors!$AL24&"-*",Drivers!N$11:N$222) -> 0 | BE24: =SUMIF(Drivers!$B$11:$B$222,"*-"&Constructors!$AL24&"-*",Drivers!O$11:O$222) -> 0 | BF24: =SUMIF(Drivers!$B$11:$B$222,"*-"&Constructors!$AL24&"-*",Drivers!P$11:P$222) -> 0 | BG24: =SUM(AN24:BF24) -> 23
A25: UH Racing | B25: HERTS | C25: 27 | D25: 19 | E25: 28 | F25: 0 | G25: 17 | H25: 0 | I25: 0 | J25: 0 | K25: 0 | L25: 0 | M25: 0 | N25: 0 | O25: 0 | P25: 0 | Q25: 0 | R25: 0 | S25: 0 | T25: 0 | U25: 0 | V25: 0 | W25: 64 | X25: =B25 -> HERTS | Y25: 23 | AK25: HERT B | AL25: HULLB | AM25: 23 | AN25: =SUMIF(Drivers!$B$11:$B$222,"*-"&Constructors!$AL25&"-*",Drivers!C$11:C$222) -> 33 | AO25: =SUMIF(Drivers!$B$11:$B$222,"*-"&Constructors!$AL25&"-*",Drivers!D$11:D$222) -> 31 | AQ25: =SUMIF(Drivers!$B$11:$B$222,"*-"&Constructors!$AL25&"-*",Drivers!E$11:E$222) -> 15 | AR25: =SUMIF(Drivers!$B$11:$B$222,"*-"&Constructors!$AL25&"-*",Drivers!F$11:F$222) -> 0 | AS25: =SUMIF(Drivers!$B$11:$B$222,"*-"&Constructors!$AL25&"-*",Drivers!G$11:G$222) -> 0 | AT25: =SUMIF(Drivers!$B$11:$B$222,"*-"&Constructors!$AL25&"-*",Drivers!H$11:H$222) -> 0 | AV25: =SUMIF(Drivers!$B$11:$B$222,"*-"&Constructors!$AL25&"-*",Drivers!I$11:I$222) -> 0 | AW25: =SUMIF(Drivers!$B$11:$B$222,"*-"&Constructors!$AL25&"-*",Drivers!J$11:J$222) -> 0 | AY25: =SUMIF(Drivers!$B$11:$B$222,"*-"&Constructors!$AL25&"-*",Drivers!K$11:K$222) -> 0 | AZ25: =SUMIF(Drivers!$B$11:$B$222,"*-"&Constructors!$AL25&"-*",Drivers!L$11:L$222) -> 0 | BB25: =SUMIF(Drivers!$B$11:$B$222,"*-"&Constructors!$AL25&"-*",Drivers!M$11:M$222) -> 0 | BC25: =SUMIF(Drivers!$B$11:$B$222,"*-"&Constructors!$AL25&"-*",Drivers!N$11:N$222) -> 0 | BE25: =SUMIF(Drivers!$B$11:$B$222,"*-"&Constructors!$AL25&"-*",Drivers!O$11:O$222) -> 0 | BF25: =SUMIF(Drivers!$B$11:$B$222,"*-"&Constructors!$AL25&"-*",Drivers!P$11:P$222) -> 0 | BG25: =SUM(AN25:BF25) -> 79
A26: PolyU E-Formula Racing Team | B26: POLYU | C26: 37 | D26: 17 | E26: 7 | F26: 0 | G26: 3 | H26: 34 | I26: 0 | J26: 0 | K26: 0 | L26: 0 | M26: 0 | N26: 0 | O26: 0 | P26: 0 | Q26: 0 | R26: 0 | S26: 0 | T26: 0 | U26: 0 | V26: 0 | W26: 61 | X26: =B26 -> POLYU | Y26: 24 | AK26: UPRacing Electric | AL26: UPRE | AM26: 24 | AN26: =SUMIF(Drivers!$B$11:$B$222,"*-"&Constructors!$AL26&"-*",Drivers!C$11:C$222) -> 24 | AO26: =SUMIF(Drivers!$B$11:$B$222,"*-"&Constructors!$AL26&"-*",Drivers!D$11:D$222) -> 16 | AQ26: =SUMIF(Drivers!$B$11:$B$222,"*-"&Constructors!$AL26&"-*",Drivers!E$11:E$222) -> 21 | AR26: =SUMIF(Drivers!$B$11:$B$222,"*-"&Constructors!$AL26&"-*",Drivers!F$11:F$222) -> 16 | AS26: =SUMIF(Drivers!$B$11:$B$222,"*-"&Constructors!$AL26&"-*",Drivers!G$11:G$222) -> 0 | AT26: =SUMIF(Drivers!$B$11:$B$222,"*-"&Constructors!$AL26&"-*",Drivers!H$11:H$222) -> 0 | AV26: =SUMIF(Drivers!$B$11:$B$222,"*-"&Constructors!$AL26&"-*",Drivers!I$11:I$222) -> 0 | AW26: =SUMIF(Drivers!$B$11:$B$222,"*-"&Constructors!$AL26&"-*",Drivers!J$11:J$222) -> 0 | AY26: =SUMIF(Drivers!$B$11:$B$222,"*-"&Constructors!$AL26&"-*",Drivers!K$11:K$222) -> 0 | AZ26: =SUMIF(Drivers!$B$11:$B$222,"*-"&Constructors!$AL26&"-*",Drivers!L$11:L$222) -> 0 | BB26: =SUMIF(Drivers!$B$11:$B$222,"*-"&Constructors!$AL26&"-*",Drivers!M$11:M$222) -> 0 | BC26: =SUMIF(Drivers!$B$11:$B$222,"*-"&Constructors!$AL26&"-*",Drivers!N$11:N$222) -> 0 | BE26: =SUMIF(Drivers!$B$11:$B$222,"*-"&Constructors!$AL26&"-*",Drivers!O$11:O$222) -> 0 | BF26: =SUMIF(Drivers!$B$11:$B$222,"*-"&Constructors!$AL26&"-*",Drivers!P$11:P$222) -> 0 | BG26: =SUM(AN26:BF26) -> 77
A27: Team Aberdeen University (TAU) | B27: TAU | C27: 14 | D27: 5 | E27: 19 | F27: 0 | G27: 14 | H27: 17 | I27: 0 | J27: 0 | K27: 0 | L27: 0 | M27: 0 | N27: 0 | O27: 0 | P27: 0 | Q27: 0 | R27: 0 | S27: 0 | T27: 0 | U27: 0 | V27: 0 | W27: 55 | X27: =B27 -> TAU | Y27: 25 | AK27: Lookprabida Formula Student | AL27: PSU | AM27: 25 | AN27: =SUMIF(Drivers!$B$11:$B$222,"*-"&Constructors!$AL27&"-*",Drivers!C$11:C$222) -> 0 | AO27: =SUMIF(Drivers!$B$11:$B$222,"*-"&Constructors!$AL27&"-*",Drivers!D$11:D$222) -> 0 | AQ27: =SUMIF(Drivers!$B$11:$B$222,"*-"&Constructors!$AL27&"-*",Drivers!E$11:E$222) -> 0 | AR27: =SUMIF(Drivers!$B$11:$B$222,"*-"&Constructors!$AL27&"-*",Drivers!F$11:F$222) -> 0 | AS27: =SUMIF(Drivers!$B$11:$B$222,"*-"&Constructors!$AL27&"-*",Drivers!G$11:G$222) -> 0 | AT27: =SUMIF(Drivers!$B$11:$B$222,"*-"&Constructors!$AL27&"-*",Drivers!H$11:H$222) -> 0 | AV27: =SUMIF(Drivers!$B$11:$B$222,"*-"&Constructors!$AL27&"-*",Drivers!I$11:I$222) -> 0 | AW27: =SUMIF(Drivers!$B$11:$B$222,"*-"&Constructors!$AL27&"-*",Drivers!J$11:J$222) -> 0 | AY27: =SUMIF(Drivers!$B$11:$B$222,"*-"&Constructors!$AL27&"-*",Drivers!K$11:K$222) -> 0 | AZ27: =SUMIF(Drivers!$B$11:$B$222,"*-"&Constructors!$AL27&"-*",Drivers!L$11:L$222) -> 0 | BB27: =SUMIF(Drivers!$B$11:$B$222,"*-"&Constructors!$AL27&"-*",Drivers!M$11:M$222) -> 0 | BC27: =SUMIF(Drivers!$B$11:$B$222,"*-"&Constructors!$AL27&"-*",Drivers!N$11:N$222) -> 0 | BE27: =SUMIF(Drivers!$B$11:$B$222,"*-"&Constructors!$AL27&"-*",Drivers!O$11:O$222) -> 0 | BF27: =SUMIF(Drivers!$B$11:$B$222,"*-"&Constructors!$AL27&"-*",Drivers!P$11:P$222) -> 0 | BG27: =SUM(AN27:BF27) -> 0
A28: UCL Formula Student | B28: UCL | C28: 17 | D28: 3 | E28: 12 | F28: 38 | G28: 1 | H28: 0 | I28: 0 | J28: 0 | K28: 0 | L28: 0 | M28: 0 | N28: 0 | O28: 0 | P28: 0 | Q28: 0 | R28: 0 | S28: 0 | T28: 0 | U28: 0 | V28: 0 | W28: 54 | X28: =B28 -> UCL | Y28: 26 | AK28: Half Blue Racing | AL28: CAMB | AM28: 26 | AN28: =SUMIF(Drivers!$B$11:$B$222,"*-"&Constructors!$AL28&"-*",Drivers!C$11:C$222) -> 0 | AO28: =SUMIF(Drivers!$B$11:$B$222,"*-"&Constructors!$AL28&"-*",Drivers!D$11:D$222) -> 0 | AQ28: =SUMIF(Drivers!$B$11:$B$222,"*-"&Constructors!$AL28&"-*",Drivers!E$11:E$222) -> 2 | AR28: =SUMIF(Drivers!$B$11:$B$222,"*-"&Constructors!$AL28&"-*",Drivers!F$11:F$222) -> 1 | AS28: =SUMIF(Drivers!$B$11:$B$222,"*-"&Constructors!$AL28&"-*",Drivers!G$11:G$222) -> 0 | AT28: =SUMIF(Drivers!$B$11:$B$222,"*-"&Constructors!$AL28&"-*",Drivers!H$11:H$222) -> 0 | AV28: =SUMIF(Drivers!$B$11:$B$222,"*-"&Constructors!$AL28&"-*",Drivers!I$11:I$222) -> 0 | AW28: =SUMIF(Drivers!$B$11:$B$222,"*-"&Constructors!$AL28&"-*",Drivers!J$11:J$222) -> 0 | AY28: =SUMIF(Drivers!$B$11:$B$222,"*-"&Constructors!$AL28&"-*",Drivers!K$11:K$222) -> 0 | AZ28: =SUMIF(Drivers!$B$11:$B$222,"*-"&Constructors!$AL28&"-*",Drivers!L$11:L$222) -> 0 | BB28: =SUMIF(Drivers!$B$11:$B$222,"*-"&Constructors!$AL28&"-*",Drivers!M$11:M$222) -> 0 | BC28: =SUMIF(Drivers!$B$11:$B$222,"*-"&Constructors!$AL28&"-*",Drivers!N$11:N$222) -> 0 | BE28: =SUMIF(Drivers!$B$11:$B$222,"*-"&Constructors!$AL28&"-*",Drivers!O$11:O$222) -> 0 | BF28: =SUMIF(Drivers!$B$11:$B$222,"*-"&Constructors!$AL28&"-*",Drivers!P$11:P$222) -> 0 | BG28: =SUM(AN28:BF28) -> 3
A29: Manchester Stinger Motorsports | B29: MAN | C29: 16 | D29: 20 | E29: 5 | F29: 0 | G29: 14 | H29: 14 | I29: 0 | J29: 0 | K29: 0 | L29: 0 | M29: 0 | N29: 0 | O29: 0 | P29: 0 | Q29: 0 | R29: 0 | S29: 0 | T29: 0 | U29: 0 | V29: 0 | W29: 53 | X29: =B29 -> MAN | Y29: 27 | AK29: UH Racing | AL29: HERTS | AM29: 27 | AN29: =SUMIF(Drivers!$B$11:$B$222,"*-"&Constructors!$AL29&"-*",Drivers!C$11:C$222) -> 19 | AO29: =SUMIF(Drivers!$B$11:$B$222,"*-"&Constructors!$AL29&"-*",Drivers!D$11:D$222) -> 28 | AP29: 0 | AQ29: =SUMIF(Drivers!$B$11:$B$222,"*-"&Constructors!$AL29&"-*",Drivers!E$11:E$222) -> 17 | AR29: =SUMIF(Drivers!$B$11:$B$222,"*-"&Constructors!$AL29&"-*",Drivers!F$11:F$222) -> 0 | AS29: =SUMIF(Drivers!$B$11:$B$222,"*-"&Constructors!$AL29&"-*",Drivers!G$11:G$222) -> 0 | AT29: =SUMIF(Drivers!$B$11:$B$222,"*-"&Constructors!$AL29&"-*",Drivers!H$11:H$222) -> 0 | AV29: =SUMIF(Drivers!$B$11:$B$222,"*-"&Constructors!$AL29&"-*",Drivers!I$11:I$222) -> 0 | AW29: =SUMIF(Drivers!$B$11:$B$222,"*-"&Constructors!$AL29&"-*",Drivers!J$11:J$222) -> 0 | AY29: =SUMIF(Drivers!$B$11:$B$222,"*-"&Constructors!$AL29&"-*",Drivers!K$11:K$222) -> 0 | AZ29: =SUMIF(Drivers!$B$11:$B$222,"*-"&Constructors!$AL29&"-*",Drivers!L$11:L$222) -> 0 | BB29: =SUMIF(Drivers!$B$11:$B$222,"*-"&Constructors!$AL29&"-*",Drivers!M$11:M$222) -> 0 | BC29: =SUMIF(Drivers!$B$11:$B$222,"*-"&Constructors!$AL29&"-*",Drivers!N$11:N$222) -> 0 | BE29: =SUMIF(Drivers!$B$11:$B$222,"*-"&Constructors!$AL29&"-*",Drivers!O$11:O$222) -> 0 | BF29: =SUMIF(Drivers!$B$11:$B$222,"*-"&Constructors!$AL29&"-*",Drivers!P$11:P$222) -> 0 | BG29: =SUM(AN29:BF29) -> 64
A30: Fuosr mofu Alala Svtau)dent Vitoria | B30: VIT | C30: 9 | D30: 8 | E30: 14 | F30: 0 | G30: 30 | H30: 0 | I30: 0 | J30: 0 | K30: 0 | L30: 0 | M30: 0 | N30: 0 | O30: 0 | P30: 0 | Q30: 0 | R30: 0 | S30: 0 | T30: 0 | U30: 0 | V30: 0 | W30: 52 | X30: =B30 -> VIT | Y30: 28 | AK30: Queen's Formula Racing | AL30: QBEL | AM30: 28 | AN30: =SUMIF(Drivers!$B$11:$B$222,"*-"&Constructors!$AL30&"-*",Drivers!C$11:C$222) -> 0 | AO30: =SUMIF(Drivers!$B$11:$B$222,"*-"&Constructors!$AL30&"-*",Drivers!D$11:D$222) -> 0 | AQ30: =SUMIF(Drivers!$B$11:$B$222,"*-"&Constructors!$AL30&"-*",Drivers!E$11:E$222) -> 22 | AR30: =SUMIF(Drivers!$B$11:$B$222,"*-"&Constructors!$AL30&"-*",Drivers!F$11:F$222) -> 23 | AS30: =SUMIF(Drivers!$B$11:$B$222,"*-"&Constructors!$AL30&"-*",Drivers!G$11:G$222) -> 0 | AT30: =SUMIF(Drivers!$B$11:$B$222,"*-"&Constructors!$AL30&"-*",Drivers!H$11:H$222) -> 0 | AV30: =SUMIF(Drivers!$B$11:$B$222,"*-"&Constructors!$AL30&"-*",Drivers!I$11:I$222) -> 0 | AW30: =SUMIF(Drivers!$B$11:$B$222,"*-"&Constructors!$AL30&"-*",Drivers!J$11:J$222) -> 0 | AY30: =SUMIF(Drivers!$B$11:$B$222,"*-"&Constructors!$AL30&"-*",Drivers!K$11:K$222) -> 0 | AZ30: =SUMIF(Drivers!$B$11:$B$222,"*-"&Constructors!$AL30&"-*",Drivers!L$11:L$222) -> 0 | BB30: =SUMIF(Drivers!$B$11:$B$222,"*-"&Constructors!$AL30&"-*",Drivers!M$11:M$222) -> 0 | BC30: =SUMIF(Drivers!$B$11:$B$222,"*-"&Constructors!$AL30&"-*",Drivers!N$11:N$222) -> 0 | BE30: =SUMIF(Drivers!$B$11:$B$222,"*-"&Constructors!$AL30&"-*",Drivers!O$11:O$222) -> 0 | BF30: =SUMIF(Drivers!$B$11:$B$222,"*-"&Constructors!$AL30&"-*",Drivers!P$11:P$222) -> 0 | BG30: =SUM(AN30:BF30) -> 45
A31: Queen's Formula Racing | B31: QBEL | C31: 28 | D31: 0 | E31: 0 | F31: 0 | G31: 22 | H31: 23 | I31: 0 | J31: 0 | K31: 0 | L31: 0 | M31: 0 | N31: 0 | O31: 0 | P31: 0 | Q31: 0 | R31: 0 | S31: 0 | T31: 0 | U31: 0 | V31: 0 | W31: 45 | X31: =B31 -> QBEL | Y31: 29 | AK31: Warwick Racing | AL31: WAR | AM31: 29 | AN31: =SUMIF(Drivers!$B$11:$B$222,"*-"&Constructors!$AL31&"-*",Drivers!C$11:C$222) -> 0 | AO31: =SUMIF(Drivers!$B$11:$B$222,"*-"&Constructors!$AL31&"-*",Drivers!D$11:D$222) -> 0 | AQ31: =SUMIF(Drivers!$B$11:$B$222,"*-"&Constructors!$AL31&"-*",Drivers!E$11:E$222) -> 0 | AR31: =SUMIF(Drivers!$B$11:$B$222,"*-"&Constructors!$AL31&"-*",Drivers!F$11:F$222) -> 0 | AS31: =SUMIF(Drivers!$B$11:$B$222,"*-"&Constructors!$AL31&"-*",Drivers!G$11:G$222) -> 0 | AT31: =SUMIF(Drivers!$B$11:$B$222,"*-"&Constructors!$AL31&"-*",Drivers!H$11:H$222) -> 0 | AV31: =SUMIF(Drivers!$B$11:$B$222,"*-"&Constructors!$AL31&"-*",Drivers!I$11:I$222) -> 0 | AW31: =SUMIF(Drivers!$B$11:$B$222,"*-"&Constructors!$AL31&"-*",Drivers!J$11:J$222) -> 0 | AY31: =SUMIF(Drivers!$B$11:$B$222,"*-"&Constructors!$AL31&"-*",Drivers!K$11:K$222) -> 0 | AZ31: =SUMIF(Drivers!$B$11:$B$222,"*-"&Constructors!$AL31&"-*",Drivers!L$11:L$222) -> 0 | BB31: =SUMIF(Drivers!$B$11:$B$222,"*-"&Constructors!$AL31&"-*",Drivers!M$11:M$222) -> 0 | BC31: =SUMIF(Drivers!$B$11:$B$222,"*-"&Constructors!$AL31&"-*",Drivers!N$11:N$222) -> 0 | BE31: =SUMIF(Drivers!$B$11:$B$222,"*-"&Constructors!$AL31&"-*",Drivers!O$11:O$222) -> 0 | BF31: =SUMIF(Drivers!$B$11:$B$222,"*-"&Constructors!$AL31&"-*",Drivers!P$11:P$222) -> 0 | BG31: =SUM(AN31:BF31) -> 0
A32: HKU Racing | B32: HKU | C32: 52 | D32: 20 | E32: 22 | F32: 0 | G32: 0 | H32: 0 | I32: 0 | J32: 0 | K32: 0 | L32: 0 | M32: 0 | N32: 0 | O32: 0 | P32: 0 | Q32: 0 | R32: 0 | S32: 0 | T32: 0 | U32: 0 | V32: 0 | W32: 42 | X32: =B32 -> HKU | Y32: 30 | AK32: South Bank Racing | AL32: SBANK | AM32: 30 | AN32: =SUMIF(Drivers!$B$11:$B$222,"*-"&Constructors!$AL32&"-*",Drivers!C$11:C$222) -> 0 | AO32: =SUMIF(Drivers!$B$11:$B$222,"*-"&Constructors!$AL32&"-*",Drivers!D$11:D$222) -> 0 | AQ32: =SUMIF(Drivers!$B$11:$B$222,"*-"&Constructors!$AL32&"-*",Drivers!E$11:E$222) -> 0 | AR32: =SUMIF(Drivers!$B$11:$B$222,"*-"&Constructors!$AL32&"-*",Drivers!F$11:F$222) -> 0 | AS32: =SUMIF(Drivers!$B$11:$B$222,"*-"&Constructors!$AL32&"-*",Drivers!G$11:G$222) -> 0 | AT32: =SUMIF(Drivers!$B$11:$B$222,"*-"&Constructors!$AL32&"-*",Drivers!H$11:H$222) -> 0 | AV32: =SUMIF(Drivers!$B$11:$B$222,"*-"&Constructors!$AL32&"-*",Drivers!I$11:I$222) -> 0 | AW32: =SUMIF(Drivers!$B$11:$B$222,"*-"&Constructors!$AL32&"-*",Drivers!J$11:J$222) -> 0 | AY32: =SUMIF(Drivers!$B$11:$B$222,"*-"&Constructors!$AL32&"-*",Drivers!K$11:K$222) -> 0 | AZ32: =SUMIF(Drivers!$B$11:$B$222,"*-"&Constructors!$AL32&"-*",Drivers!L$11:L$222) -> 0 | BB32: =SUMIF(Drivers!$B$11:$B$222,"*-"&Constructors!$AL32&"-*",Drivers!M$11:M$222) -> 0 | BC32: =SUMIF(Drivers!$B$11:$B$222,"*-"&Constructors!$AL32&"-*",Drivers!N$11:N$222) -> 0 | BE32: =SUMIF(Drivers!$B$11:$B$222,"*-"&Constructors!$AL32&"-*",Drivers!O$11:O$222) -> 0 | BF32: =SUMIF(Drivers!$B$11:$B$222,"*-"&Constructors!$AL32&"-*",Drivers!P$11:P$222) -> 0 | BG32: =SUM(AN32:BF32) -> 0
A33: Proton Dynamic | B33: PROT | C33: 53 | D33: 34 | E33: 4 | F33: 0 | G33: 0 | H33: 0 | I33: 0 | J33: 0 | K33: 0 | L33: 0 | M33: 0 | N33: 0 | O33: 0 | P33: 0 | Q33: 0 | R33: 0 | S33: 0 | T33: 0 | U33: 0 | V33: 0 | W33: 38 | X33: =B33 -> PROT | Y33: 31 | AK33: UB Racing | AL33: UBR | AM33: 31 | AN33: =SUMIF(Drivers!$B$11:$B$222,"*-"&Constructors!$AL33&"-*",Drivers!C$11:C$222) -> 14 | AO33: =SUMIF(Drivers!$B$11:$B$222,"*-"&Constructors!$AL33&"-*",Drivers!D$11:D$222) -> 0 | AP33: 34 | AQ33: =SUMIF(Drivers!$B$11:$B$222,"*-"&Constructors!$AL33&"-*",Drivers!E$11:E$222) -> 18 | AR33: =SUMIF(Drivers!$B$11:$B$222,"*-"&Constructors!$AL33&"-*",Drivers!F$11:F$222) -> 14 | AS33: =SUMIF(Drivers!$B$11:$B$222,"*-"&Constructors!$AL33&"-*",Drivers!G$11:G$222) -> 0 | AT33: =SUMIF(Drivers!$B$11:$B$222,"*-"&Constructors!$AL33&"-*",Drivers!H$11:H$222) -> 0 | AV33: =SUMIF(Drivers!$B$11:$B$222,"*-"&Constructors!$AL33&"-*",Drivers!I$11:I$222) -> 0 | AW33: =SUMIF(Drivers!$B$11:$B$222,"*-"&Constructors!$AL33&"-*",Drivers!J$11:J$222) -> 0 | AY33: =SUMIF(Drivers!$B$11:$B$222,"*-"&Constructors!$AL33&"-*",Drivers!K$11:K$222) -> 0 | AZ33: =SUMIF(Drivers!$B$11:$B$222,"*-"&Constructors!$AL33&"-*",Drivers!L$11:L$222) -> 0 | BB33: =SUMIF(Drivers!$B$11:$B$222,"*-"&Constructors!$AL33&"-*",Drivers!M$11:M$222) -> 0 | BC33: =SUMIF(Drivers!$B$11:$B$222,"*-"&Constructors!$AL33&"-*",Drivers!N$11:N$222) -> 0 | BE33: =SUMIF(Drivers!$B$11:$B$222,"*-"&Constructors!$AL33&"-*",Drivers!O$11:O$222) -> 0 | BF33: =SUMIF(Drivers!$B$11:$B$222,"*-"&Constructors!$AL33&"-*",Drivers!P$11:P$222) -> 0 | BG33: =SUM(AN33:BF33) -> 80
A34: SHU Racing | B34: SHU | C34: 20 | D34: 10 | E34: 0 | F34: 20 | G34: 0 | H34: 4 | I34: 0 | J34: 0 | K34: 0 | L34: 0 | M34: 0 | N34: 0 | O34: 0 | P34: 0 | Q34: 0 | R34: 0 | S34: 0 | T34: 0 | U34: 0 | V34: 0 | W34: 34 | X34: =B34 -> SHU | Y34: 32 | AK34: ULM | AL34: LIV | AM34: 32 | AN34: =SUMIF(Drivers!$B$11:$B$222,"*-"&Constructors!$AL34&"-*",Drivers!C$11:C$222) -> 0 | AO34: =SUMIF(Drivers!$B$11:$B$222,"*-"&Constructors!$AL34&"-*",Drivers!D$11:D$222) -> 0 | AQ34: =SUMIF(Drivers!$B$11:$B$222,"*-"&Constructors!$AL34&"-*",Drivers!E$11:E$222) -> 0 | AR34: =SUMIF(Drivers!$B$11:$B$222,"*-"&Constructors!$AL34&"-*",Drivers!F$11:F$222) -> 0 | AS34: =SUMIF(Drivers!$B$11:$B$222,"*-"&Constructors!$AL34&"-*",Drivers!G$11:G$222) -> 0 | AT34: =SUMIF(Drivers!$B$11:$B$222,"*-"&Constructors!$AL34&"-*",Drivers!H$11:H$222) -> 0 | AV34: =SUMIF(Drivers!$B$11:$B$222,"*-"&Constructors!$AL34&"-*",Drivers!I$11:I$222) -> 0 | AW34: =SUMIF(Drivers!$B$11:$B$222,"*-"&Constructors!$AL34&"-*",Drivers!J$11:J$222) -> 0 | AY34: =SUMIF(Drivers!$B$11:$B$222,"*-"&Constructors!$AL34&"-*",Drivers!K$11:K$222) -> 0 | AZ34: =SUMIF(Drivers!$B$11:$B$222,"*-"&Constructors!$AL34&"-*",Drivers!L$11:L$222) -> 0 | BB34: =SUMIF(Drivers!$B$11:$B$222,"*-"&Constructors!$AL34&"-*",Drivers!M$11:M$222) -> 0 | BC34: =SUMIF(Drivers!$B$11:$B$222,"*-"&Constructors!$AL34&"-*",Drivers!N$11:N$222) -> 0 | BE34: =SUMIF(Drivers!$B$11:$B$222,"*-"&Constructors!$AL34&"-*",Drivers!O$11:O$222) -> 0 | BF34: =SUMIF(Drivers!$B$11:$B$222,"*-"&Constructors!$AL34&"-*",Drivers!P$11:P$222) -> 0 | BG34: =SUM(AN34:BF34) -> 0
A35: ION Racing | B35: ION | C35: 10 | D35: 0 | E35: 0 | F35: 0 | G35: 11 | H35: 20 | I35: 0 | J35: 0 | K35: 0 | L35: 0 | M35: 0 | N35: 0 | O35: 0 | P35: 0 | Q35: 0 | R35: 0 | S35: 0 | T35: 0 | U35: 0 | V35: 0 | W35: 31 | X35: =B35 -> ION | Y35: 33 | AK35: IP Paris Racing Team | AL35: IPPRT | AM35: 33 | AN35: =SUMIF(Drivers!$B$11:$B$222,"*-"&Constructors!$AL35&"-*",Drivers!C$11:C$222) -> 0 | AO35: =SUMIF(Drivers!$B$11:$B$222,"*-"&Constructors!$AL35&"-*",Drivers!D$11:D$222) -> 0 | AQ35: =SUMIF(Drivers!$B$11:$B$222,"*-"&Constructors!$AL35&"-*",Drivers!E$11:E$222) -> 0 | AR35: =SUMIF(Drivers!$B$11:$B$222,"*-"&Constructors!$AL35&"-*",Drivers!F$11:F$222) -> 0 | AS35: =SUMIF(Drivers!$B$11:$B$222,"*-"&Constructors!$AL35&"-*",Drivers!G$11:G$222) -> 0 | AT35: =SUMIF(Drivers!$B$11:$B$222,"*-"&Constructors!$AL35&"-*",Drivers!H$11:H$222) -> 0 | AV35: =SUMIF(Drivers!$B$11:$B$222,"*-"&Constructors!$AL35&"-*",Drivers!I$11:I$222) -> 0 | AW35: =SUMIF(Drivers!$B$11:$B$222,"*-"&Constructors!$AL35&"-*",Drivers!J$11:J$222) -> 0 | AY35: =SUMIF(Drivers!$B$11:$B$222,"*-"&Constructors!$AL35&"-*",Drivers!K$11:K$222) -> 0 | AZ35: =SUMIF(Drivers!$B$11:$B$222,"*-"&Constructors!$AL35&"-*",Drivers!L$11:L$222) -> 0 | BB35: =SUMIF(Drivers!$B$11:$B$222,"*-"&Constructors!$AL35&"-*",Drivers!M$11:M$222) -> 0 | BC35: =SUMIF(Drivers!$B$11:$B$222,"*-"&Constructors!$AL35&"-*",Drivers!N$11:N$222) -> 0 | BE35: =SUMIF(Drivers!$B$11:$B$222,"*-"&Constructors!$AL35&"-*",Drivers!O$11:O$222) -> 0 | BF35: =SUMIF(Drivers!$B$11:$B$222,"*-"&Constructors!$AL35&"-*",Drivers!P$11:P$222) -> 0 | BG35: =SUM(AN35:BF35) -> 0
A36: Full Blue Racing | B36: CAMA | C36: 11 | D36: 12 | E36: 14 | F36: 0 | G36: 0 | H36: 0 | I36: 0 | J36: 0 | K36: 0 | L36: 0 | M36: 0 | N36: 0 | O36: 0 | P36: 0 | Q36: 0 | R36: 0 | S36: 0 | T36: 0 | U36: 0 | V36: 0 | W36: 26 | X36: =B36 -> CAMA | Y36: 34 | AK36: Jorvik Racing B | AL36: YORKB | AM36: 34 | AN36: =SUMIF(Drivers!$B$11:$B$222,"*-"&Constructors!$AL36&"-*",Drivers!C$11:C$222) -> 6 | AO36: =SUMIF(Drivers!$B$11:$B$222,"*-"&Constructors!$AL36&"-*",Drivers!D$11:D$222) -> 1 | AQ36: =SUMIF(Drivers!$B$11:$B$222,"*-"&Constructors!$AL36&"-*",Drivers!E$11:E$222) -> 0 | AR36: =SUMIF(Drivers!$B$11:$B$222,"*-"&Constructors!$AL36&"-*",Drivers!F$11:F$222) -> 2 | AS36: =SUMIF(Drivers!$B$11:$B$222,"*-"&Constructors!$AL36&"-*",Drivers!G$11:G$222) -> 0 | AT36: =SUMIF(Drivers!$B$11:$B$222,"*-"&Constructors!$AL36&"-*",Drivers!H$11:H$222) -> 0 | AV36: =SUMIF(Drivers!$B$11:$B$222,"*-"&Constructors!$AL36&"-*",Drivers!I$11:I$222) -> 0 | AW36: =SUMIF(Drivers!$B$11:$B$222,"*-"&Constructors!$AL36&"-*",Drivers!J$11:J$222) -> 0 | AY36: =SUMIF(Drivers!$B$11:$B$222,"*-"&Constructors!$AL36&"-*",Drivers!K$11:K$222) -> 0 | AZ36: =SUMIF(Drivers!$B$11:$B$222,"*-"&Constructors!$AL36&"-*",Drivers!L$11:L$222) -> 0 | BB36: =SUMIF(Drivers!$B$11:$B$222,"*-"&Constructors!$AL36&"-*",Drivers!M$11:M$222) -> 0 | BC36: =SUMIF(Drivers!$B$11:$B$222,"*-"&Constructors!$AL36&"-*",Drivers!N$11:N$222) -> 0 | BE36: =SUMIF(Drivers!$B$11:$B$222,"*-"&Constructors!$AL36&"-*",Drivers!O$11:O$222) -> 0 | BF36: =SUMIF(Drivers!$B$11:$B$222,"*-"&Constructors!$AL36&"-*",Drivers!P$11:P$222) -> 0 | BG36: =SUM(AN36:BF36) -> 9
A37: Lassonde Motorsports | B37: LASS | C37: 15 | D37: 5 | E37: 20 | F37: 0 | G37: 0 | H37: 0 | I37: 0 | J37: 0 | K37: 0 | L37: 0 | M37: 0 | N37: 0 | O37: 0 | P37: 0 | Q37: 0 | R37: 0 | S37: 0 | T37: 0 | U37: 0 | V37: 0 | W37: 25 | X37: =B37 -> LASS | Y37: 35 | AK37: UCD Formula Student | AL37: UCD | AM37: 35 | AN37: =SUMIF(Drivers!$B$11:$B$222,"*-"&Constructors!$AL37&"-*",Drivers!C$11:C$222) -> 29 | AO37: =SUMIF(Drivers!$B$11:$B$222,"*-"&Constructors!$AL37&"-*",Drivers!D$11:D$222) -> 26 | AP37: 40 | AQ37: =SUMIF(Drivers!$B$11:$B$222,"*-"&Constructors!$AL37&"-*",Drivers!E$11:E$222) -> 19 | AR37: =SUMIF(Drivers!$B$11:$B$222,"*-"&Constructors!$AL37&"-*",Drivers!F$11:F$222) -> 28 | AS37: =SUMIF(Drivers!$B$11:$B$222,"*-"&Constructors!$AL37&"-*",Drivers!G$11:G$222) -> 0 | AT37: =SUMIF(Drivers!$B$11:$B$222,"*-"&Constructors!$AL37&"-*",Drivers!H$11:H$222) -> 0 | AV37: =SUMIF(Drivers!$B$11:$B$222,"*-"&Constructors!$AL37&"-*",Drivers!I$11:I$222) -> 0 | AW37: =SUMIF(Drivers!$B$11:$B$222,"*-"&Constructors!$AL37&"-*",Drivers!J$11:J$222) -> 0 | AY37: =SUMIF(Drivers!$B$11:$B$222,"*-"&Constructors!$AL37&"-*",Drivers!K$11:K$222) -> 0 | AZ37: =SUMIF(Drivers!$B$11:$B$222,"*-"&Constructors!$AL37&"-*",Drivers!L$11:L$222) -> 0 | BB37: =SUMIF(Drivers!$B$11:$B$222,"*-"&Constructors!$AL37&"-*",Drivers!M$11:M$222) -> 0 | BC37: =SUMIF(Drivers!$B$11:$B$222,"*-"&Constructors!$AL37&"-*",Drivers!N$11:N$222) -> 0 | BE37: =SUMIF(Drivers!$B$11:$B$222,"*-"&Constructors!$AL37&"-*",Drivers!O$11:O$222) -> 0 | BF37: =SUMIF(Drivers!$B$11:$B$222,"*-"&Constructors!$AL37&"-*",Drivers!P$11:P$222) -> 0 | BG37: =SUM(AN37:BF37) -> 142
A38: Formula Student Team Napier | B38: FSTN | C38: 18 | D38: 19 | E38: 0 | F38: 0 | G38: 6 | H38: 0 | I38: 0 | J38: 0 | K38: 0 | L38: 0 | M38: 0 | N38: 0 | O38: 0 | P38: 0 | Q38: 0 | R38: 0 | S38: 0 | T38: 0 | U38: 0 | V38: 0 | W38: 25 | X38: =B38 -> FSTN | Y38: 36 | AK38: MTU Formula Student | AL38: MTU | AM38: 36 | AN38: =SUMIF(Drivers!$B$11:$B$222,"*-"&Constructors!$AL38&"-*",Drivers!C$11:C$222) -> 14 | AO38: =SUMIF(Drivers!$B$11:$B$222,"*-"&Constructors!$AL38&"-*",Drivers!D$11:D$222) -> 19 | AP38: 20 | AQ38: =SUMIF(Drivers!$B$11:$B$222,"*-"&Constructors!$AL38&"-*",Drivers!E$11:E$222) -> 32 | AR38: =SUMIF(Drivers!$B$11:$B$222,"*-"&Constructors!$AL38&"-*",Drivers!F$11:F$222) -> 18 | AS38: =SUMIF(Drivers!$B$11:$B$222,"*-"&Constructors!$AL38&"-*",Drivers!G$11:G$222) -> 0 | AT38: =SUMIF(Drivers!$B$11:$B$222,"*-"&Constructors!$AL38&"-*",Drivers!H$11:H$222) -> 0 | AV38: =SUMIF(Drivers!$B$11:$B$222,"*-"&Constructors!$AL38&"-*",Drivers!I$11:I$222) -> 0 | AW38: =SUMIF(Drivers!$B$11:$B$222,"*-"&Constructors!$AL38&"-*",Drivers!J$11:J$222) -> 0 | AY38: =SUMIF(Drivers!$B$11:$B$222,"*-"&Constructors!$AL38&"-*",Drivers!K$11:K$222) -> 0 | AZ38: =SUMIF(Drivers!$B$11:$B$222,"*-"&Constructors!$AL38&"-*",Drivers!L$11:L$222) -> 0 | BB38: =SUMIF(Drivers!$B$11:$B$222,"*-"&Constructors!$AL38&"-*",Drivers!M$11:M$222) -> 0 | BC38: =SUMIF(Drivers!$B$11:$B$222,"*-"&Constructors!$AL38&"-*",Drivers!N$11:N$222) -> 0 | BE38: =SUMIF(Drivers!$B$11:$B$222,"*-"&Constructors!$AL38&"-*",Drivers!O$11:O$222) -> 0 | BF38: =SUMIF(Drivers!$B$11:$B$222,"*-"&Constructors!$AL38&"-*",Drivers!P$11:P$222) -> 0 | BG38: =SUM(AN38:BF38) -> 103
A39: HWRacing | B39: HW | C39: 22 | D39: 0 | E39: 16 | F39: 0 | G39: 4 | H39: 3 | I39: 0 | J39: 0 | K39: 0 | L39: 0 | M39: 0 | N39: 0 | O39: 0 | P39: 0 | Q39: 0 | R39: 0 | S39: 0 | T39: 0 | U39: 0 | V39: 0 | W39: 23 | X39: =B39 -> HW | Y39: 37 | AK39: PolyU E-Formula Racing Team | AL39: POLYU | AM39: 37 | AN39: =SUMIF(Drivers!$B$11:$B$222,"*-"&Constructors!$AL39&"-*",Drivers!C$11:C$222) -> 17 | AO39: =SUMIF(Drivers!$B$11:$B$222,"*-"&Constructors!$AL39&"-*",Drivers!D$11:D$222) -> 7 | AQ39: =SUMIF(Drivers!$B$11:$B$222,"*-"&Constructors!$AL39&"-*",Drivers!E$11:E$222) -> 3 | AR39: =SUMIF(Drivers!$B$11:$B$222,"*-"&Constructors!$AL39&"-*",Drivers!F$11:F$222) -> 34 | AS39: =SUMIF(Drivers!$B$11:$B$222,"*-"&Constructors!$AL39&"-*",Drivers!G$11:G$222) -> 0 | AT39: =SUMIF(Drivers!$B$11:$B$222,"*-"&Constructors!$AL39&"-*",Drivers!H$11:H$222) -> 0 | AV39: =SUMIF(Drivers!$B$11:$B$222,"*-"&Constructors!$AL39&"-*",Drivers!I$11:I$222) -> 0 | AW39: =SUMIF(Drivers!$B$11:$B$222,"*-"&Constructors!$AL39&"-*",Drivers!J$11:J$222) -> 0 | AY39: =SUMIF(Drivers!$B$11:$B$222,"*-"&Constructors!$AL39&"-*",Drivers!K$11:K$222) -> 0 | AZ39: =SUMIF(Drivers!$B$11:$B$222,"*-"&Constructors!$AL39&"-*",Drivers!L$11:L$222) -> 0 | BB39: =SUMIF(Drivers!$B$11:$B$222,"*-"&Constructors!$AL39&"-*",Drivers!M$11:M$222) -> 0 | BC39: =SUMIF(Drivers!$B$11:$B$222,"*-"&Constructors!$AL39&"-*",Drivers!N$11:N$222) -> 0 | BE39: =SUMIF(Drivers!$B$11:$B$222,"*-"&Constructors!$AL39&"-*",Drivers!O$11:O$222) -> 0 | BF39: =SUMIF(Drivers!$B$11:$B$222,"*-"&Constructors!$AL39&"-*",Drivers!P$11:P$222) -> 0 | BG39: =SUM(AN39:BF39) -> 61
A40: Kingston Racing | B40: KING | C40: 12 | D40: 1 | E40: 0 | F40: 0 | G40: 0 | H40: 15 | I40: 0 | J40: 0 | K40: 0 | L40: 0 | M40: 0 | N40: 0 | O40: 0 | P40: 0 | Q40: 0 | R40: 0 | S40: 0 | T40: 0 | U40: 0 | V40: 0 | W40: 16 | X40: =B40 -> KING | Y40: 38 | AK40: XRacing Exeter | AL40: EXET | AM40: 38 | AN40: =SUMIF(Drivers!$B$11:$B$222,"*-"&Constructors!$AL40&"-*",Drivers!C$11:C$222) -> 36 | AO40: =SUMIF(Drivers!$B$11:$B$222,"*-"&Constructors!$AL40&"-*",Drivers!D$11:D$222) -> 8 | AQ40: =SUMIF(Drivers!$B$11:$B$222,"*-"&Constructors!$AL40&"-*",Drivers!E$11:E$222) -> 20 | AR40: =SUMIF(Drivers!$B$11:$B$222,"*-"&Constructors!$AL40&"-*",Drivers!F$11:F$222) -> 24 | AS40: =SUMIF(Drivers!$B$11:$B$222,"*-"&Constructors!$AL40&"-*",Drivers!G$11:G$222) -> 0 | AT40: =SUMIF(Drivers!$B$11:$B$222,"*-"&Constructors!$AL40&"-*",Drivers!H$11:H$222) -> 0 | AV40: =SUMIF(Drivers!$B$11:$B$222,"*-"&Constructors!$AL40&"-*",Drivers!I$11:I$222) -> 0 | AW40: =SUMIF(Drivers!$B$11:$B$222,"*-"&Constructors!$AL40&"-*",Drivers!J$11:J$222) -> 0 | AY40: =SUMIF(Drivers!$B$11:$B$222,"*-"&Constructors!$AL40&"-*",Drivers!K$11:K$222) -> 0 | AZ40: =SUMIF(Drivers!$B$11:$B$222,"*-"&Constructors!$AL40&"-*",Drivers!L$11:L$222) -> 0 | BB40: =SUMIF(Drivers!$B$11:$B$222,"*-"&Constructors!$AL40&"-*",Drivers!M$11:M$222) -> 0 | BC40: =SUMIF(Drivers!$B$11:$B$222,"*-"&Constructors!$AL40&"-*",Drivers!N$11:N$222) -> 0 | BE40: =SUMIF(Drivers!$B$11:$B$222,"*-"&Constructors!$AL40&"-*",Drivers!O$11:O$222) -> 0 | BF40: =SUMIF(Drivers!$B$11:$B$222,"*-"&Constructors!$AL40&"-*",Drivers!P$11:P$222) -> 0 | BG40: =SUM(AN40:BF40) -> 88
A41: NTU Racing | B41: NTU | C41: 44 | D41: 0 | E41: 3 | F41: 0 | G41: 0 | H41: 10 | I41: 0 | J41: 0 | K41: 0 | L41: 0 | M41: 0 | N41: 0 | O41: 0 | P41: 0 | Q41: 0 | R41: 0 | S41: 0 | T41: 0 | U41: 0 | V41: 0 | W41: 13 | X41: =B41 -> NTU | Y41: 39 | AK41: UC Motorsport | AL41: CANT | AM41: 39 | AN41: =SUMIF(Drivers!$B$11:$B$222,"*-"&Constructors!$AL41&"-*",Drivers!C$11:C$222) -> 0 | AO41: =SUMIF(Drivers!$B$11:$B$222,"*-"&Constructors!$AL41&"-*",Drivers!D$11:D$222) -> 0 | AQ41: =SUMIF(Drivers!$B$11:$B$222,"*-"&Constructors!$AL41&"-*",Drivers!E$11:E$222) -> 0 | AR41: =SUMIF(Drivers!$B$11:$B$222,"*-"&Constructors!$AL41&"-*",Drivers!F$11:F$222) -> 0 | AS41: =SUMIF(Drivers!$B$11:$B$222,"*-"&Constructors!$AL41&"-*",Drivers!G$11:G$222) -> 0 | AT41: =SUMIF(Drivers!$B$11:$B$222,"*-"&Constructors!$AL41&"-*",Drivers!H$11:H$222) -> 0 | AV41: =SUMIF(Drivers!$B$11:$B$222,"*-"&Constructors!$AL41&"-*",Drivers!I$11:I$222) -> 0 | AW41: =SUMIF(Drivers!$B$11:$B$222,"*-"&Constructors!$AL41&"-*",Drivers!J$11:J$222) -> 0 | AY41: =SUMIF(Drivers!$B$11:$B$222,"*-"&Constructors!$AL41&"-*",Drivers!K$11:K$222) -> 0 | AZ41: =SUMIF(Drivers!$B$11:$B$222,"*-"&Constructors!$AL41&"-*",Drivers!L$11:L$222) -> 0 | BB41: =SUMIF(Drivers!$B$11:$B$222,"*-"&Constructors!$AL41&"-*",Drivers!M$11:M$222) -> 0 | BC41: =SUMIF(Drivers!$B$11:$B$222,"*-"&Constructors!$AL41&"-*",Drivers!N$11:N$222) -> 0 | BE41: =SUMIF(Drivers!$B$11:$B$222,"*-"&Constructors!$AL41&"-*",Drivers!O$11:O$222) -> 0 | BF41: =SUMIF(Drivers!$B$11:$B$222,"*-"&Constructors!$AL41&"-*",Drivers!P$11:P$222) -> 0 | BG41: =SUM(AN41:BF41) -> 0
A42: UG Racing B | B42: UGRB | C42: 45 | D42: 0 | E42: 0 | F42: 0 | G42: 5 | H42: 8 | I42: 0 | J42: 0 | K42: 0 | L42: 0 | M42: 0 | N42: 0 | O42: 0 | P42: 0 | Q42: 0 | R42: 0 | S42: 0 | T42: 0 | U42: 0 | V42: 0 | W42: 13 | X42: =B42 -> UGRB | Y42: 40 | AK42: UVigo Motorsport | AL42: VIGO | AM42: 40 | AN42: =SUMIF(Drivers!$B$11:$B$222,"*-"&Constructors!$AL42&"-*",Drivers!C$11:C$222) -> 46 | AO42: =SUMIF(Drivers!$B$11:$B$222,"*-"&Constructors!$AL42&"-*",Drivers!D$11:D$222) -> 50 | AP42: 32 | AQ42: =SUMIF(Drivers!$B$11:$B$222,"*-"&Constructors!$AL42&"-*",Drivers!E$11:E$222) -> 26 | AR42: =SUMIF(Drivers!$B$11:$B$222,"*-"&Constructors!$AL42&"-*",Drivers!F$11:F$222) -> 25 | AS42: =SUMIF(Drivers!$B$11:$B$222,"*-"&Constructors!$AL42&"-*",Drivers!G$11:G$222) -> 0 | AT42: =SUMIF(Drivers!$B$11:$B$222,"*-"&Constructors!$AL42&"-*",Drivers!H$11:H$222) -> 0 | AV42: =SUMIF(Drivers!$B$11:$B$222,"*-"&Constructors!$AL42&"-*",Drivers!I$11:I$222) -> 0 | AW42: =SUMIF(Drivers!$B$11:$B$222,"*-"&Constructors!$AL42&"-*",Drivers!J$11:J$222) -> 0 | AY42: =SUMIF(Drivers!$B$11:$B$222,"*-"&Constructors!$AL42&"-*",Drivers!K$11:K$222) -> 0 | AZ42: =SUMIF(Drivers!$B$11:$B$222,"*-"&Constructors!$AL42&"-*",Drivers!L$11:L$222) -> 0 | BB42: =SUMIF(Drivers!$B$11:$B$222,"*-"&Constructors!$AL42&"-*",Drivers!M$11:M$222) -> 0 | BC42: =SUMIF(Drivers!$B$11:$B$222,"*-"&Constructors!$AL42&"-*",Drivers!N$11:N$222) -> 0 | BE42: =SUMIF(Drivers!$B$11:$B$222,"*-"&Constructors!$AL42&"-*",Drivers!O$11:O$222) -> 0 | BF42: =SUMIF(Drivers!$B$11:$B$222,"*-"&Constructors!$AL42&"-*",Drivers!P$11:P$222) -> 0 | BG42: =SUM(AN42:BF42) -> 179
A43: Jorvik Racing B | B43: YORKB | C43: 34 | D43: 6 | E43: 1 | F43: 0 | G43: 0 | H43: 2 | I43: 0 | J43: 0 | K43: 0 | L43: 0 | M43: 0 | N43: 0 | O43: 0 | P43: 0 | Q43: 0 | R43: 0 | S43: 0 | T43: 0 | U43: 0 | V43: 0 | W43: 9 | X43: =B43 -> YORKB | Y43: 41 | AK43: oRgeyd Bird Racing | AL43: RBRT | AM43: 41 | AN43: =SUMIF(Drivers!$B$11:$B$222,"*-"&Constructors!$AL43&"-*",Drivers!C$11:C$222) -> 15 | AO43: =SUMIF(Drivers!$B$11:$B$222,"*-"&Constructors!$AL43&"-*",Drivers!D$11:D$222) -> 32 | AP43: 20 | AQ43: =SUMIF(Drivers!$B$11:$B$222,"*-"&Constructors!$AL43&"-*",Drivers!E$11:E$222) -> 16 | AR43: =SUMIF(Drivers!$B$11:$B$222,"*-"&Constructors!$AL43&"-*",Drivers!F$11:F$222) -> 26 | AS43: =SUMIF(Drivers!$B$11:$B$222,"*-"&Constructors!$AL43&"-*",Drivers!G$11:G$222) -> 0 | AT43: =SUMIF(Drivers!$B$11:$B$222,"*-"&Constructors!$AL43&"-*",Drivers!H$11:H$222) -> 0 | AV43: =SUMIF(Drivers!$B$11:$B$222,"*-"&Constructors!$AL43&"-*",Drivers!I$11:I$222) -> 0 | AW43: =SUMIF(Drivers!$B$11:$B$222,"*-"&Constructors!$AL43&"-*",Drivers!J$11:J$222) -> 0 | AY43: =SUMIF(Drivers!$B$11:$B$222,"*-"&Constructors!$AL43&"-*",Drivers!K$11:K$222) -> 0 | AZ43: =SUMIF(Drivers!$B$11:$B$222,"*-"&Constructors!$AL43&"-*",Drivers!L$11:L$222) -> 0 | BB43: =SUMIF(Drivers!$B$11:$B$222,"*-"&Constructors!$AL43&"-*",Drivers!M$11:M$222) -> 0 | BC43: =SUMIF(Drivers!$B$11:$B$222,"*-"&Constructors!$AL43&"-*",Drivers!N$11:N$222) -> 0 | BE43: =SUMIF(Drivers!$B$11:$B$222,"*-"&Constructors!$AL43&"-*",Drivers!O$11:O$222) -> 0 | BF43: =SUMIF(Drivers!$B$11:$B$222,"*-"&Constructors!$AL43&"-*",Drivers!P$11:P$222) -> 0 | BG43: =SUM(AN43:BF43) -> 109
A44: Half Blue Racing | B44: CAMB | C44: 26 | D44: 0 | E44: 0 | F44: 0 | G44: 2 | H44: 1 | I44: 0 | J44: 0 | K44: 0 | L44: 0 | M44: 0 | N44: 0 | O44: 0 | P44: 0 | Q44: 0 | R44: 0 | S44: 0 | T44: 0 | U44: 0 | V44: 0 | W44: 3 | X44: =B44 -> CAMB | Y44: 42 | AK44: DMU Racing | AL44: DMU | AM44: 42 | AN44: =SUMIF(Drivers!$B$11:$B$222,"*-"&Constructors!$AL44&"-*",Drivers!C$11:C$222) -> 0 | AO44: =SUMIF(Drivers!$B$11:$B$222,"*-"&Constructors!$AL44&"-*",Drivers!D$11:D$222) -> 0 | AQ44: =SUMIF(Drivers!$B$11:$B$222,"*-"&Constructors!$AL44&"-*",Drivers!E$11:E$222) -> 0 | AR44: =SUMIF(Drivers!$B$11:$B$222,"*-"&Constructors!$AL44&"-*",Drivers!F$11:F$222) -> 0 | AS44: =SUMIF(Drivers!$B$11:$B$222,"*-"&Constructors!$AL44&"-*",Drivers!G$11:G$222) -> 0 | AT44: =SUMIF(Drivers!$B$11:$B$222,"*-"&Constructors!$AL44&"-*",Drivers!H$11:H$222) -> 0 | AV44: =SUMIF(Drivers!$B$11:$B$222,"*-"&Constructors!$AL44&"-*",Drivers!I$11:I$222) -> 0 | AW44: =SUMIF(Drivers!$B$11:$B$222,"*-"&Constructors!$AL44&"-*",Drivers!J$11:J$222) -> 0 | AY44: =SUMIF(Drivers!$B$11:$B$222,"*-"&Constructors!$AL44&"-*",Drivers!K$11:K$222) -> 0 | AZ44: =SUMIF(Drivers!$B$11:$B$222,"*-"&Constructors!$AL44&"-*",Drivers!L$11:L$222) -> 0 | BB44: =SUMIF(Drivers!$B$11:$B$222,"*-"&Constructors!$AL44&"-*",Drivers!M$11:M$222) -> 0 | BC44: =SUMIF(Drivers!$B$11:$B$222,"*-"&Constructors!$AL44&"-*",Drivers!N$11:N$222) -> 0 | BE44: =SUMIF(Drivers!$B$11:$B$222,"*-"&Constructors!$AL44&"-*",Drivers!O$11:O$222) -> 0 | BF44: =SUMIF(Drivers!$B$11:$B$222,"*-"&Constructors!$AL44&"-*",Drivers!P$11:P$222) -> 0 | BG44: =SUM(AN44:BF44) -> 0
A45: OUSR - Oxford University Sim Racing | B45: OUSR | C45: 13 | D45: 0 | E45: 0 | F45: 0 | G45: 0 | H45: 0 | I45: 0 | J45: 0 | K45: 0 | L45: 0 | M45: 0 | N45: 0 | O45: 0 | P45: 0 | Q45: 0 | R45: 0 | S45: 0 | T45: 0 | U45: 0 | V45: 0 | W45: 0 | X45: =B45 -> OUSR | Y45: 43 | AK45: Team Bath Racing Electric | AL45: BATH | AM45: 43 | AN45: =SUMIF(Drivers!$B$11:$B$222,"*-"&Constructors!$AL45&"-*",Drivers!C$11:C$222) -> 26 | AO45: =SUMIF(Drivers!$B$11:$B$222,"*-"&Constructors!$AL45&"-*",Drivers!D$11:D$222) -> 34 | AQ45: =SUMIF(Drivers!$B$11:$B$222,"*-"&Constructors!$AL45&"-*",Drivers!E$11:E$222) -> 26 | AR45: =SUMIF(Drivers!$B$11:$B$222,"*-"&Constructors!$AL45&"-*",Drivers!F$11:F$222) -> 38 | AS45: =SUMIF(Drivers!$B$11:$B$222,"*-"&Constructors!$AL45&"-*",Drivers!G$11:G$222) -> 0 | AT45: =SUMIF(Drivers!$B$11:$B$222,"*-"&Constructors!$AL45&"-*",Drivers!H$11:H$222) -> 0 | AV45: =SUMIF(Drivers!$B$11:$B$222,"*-"&Constructors!$AL45&"-*",Drivers!I$11:I$222) -> 0 | AW45: =SUMIF(Drivers!$B$11:$B$222,"*-"&Constructors!$AL45&"-*",Drivers!J$11:J$222) -> 0 | AY45: =SUMIF(Drivers!$B$11:$B$222,"*-"&Constructors!$AL45&"-*",Drivers!K$11:K$222) -> 0 | AZ45: =SUMIF(Drivers!$B$11:$B$222,"*-"&Constructors!$AL45&"-*",Drivers!L$11:L$222) -> 0 | BB45: =SUMIF(Drivers!$B$11:$B$222,"*-"&Constructors!$AL45&"-*",Drivers!M$11:M$222) -> 0 | BC45: =SUMIF(Drivers!$B$11:$B$222,"*-"&Constructors!$AL45&"-*",Drivers!N$11:N$222) -> 0 | BE45: =SUMIF(Drivers!$B$11:$B$222,"*-"&Constructors!$AL45&"-*",Drivers!O$11:O$222) -> 0 | BF45: =SUMIF(Drivers!$B$11:$B$222,"*-"&Constructors!$AL45&"-*",Drivers!P$11:P$222) -> 0 | BG45: =SUM(AN45:BF45) -> 124
A46: Lookprabida Formula Student | B46: PSU | C46: 25 | D46: 0 | E46: 0 | F46: 0 | G46: 0 | H46: 0 | I46: 0 | J46: 0 | K46: 0 | L46: 0 | M46: 0 | N46: 0 | O46: 0 | P46: 0 | Q46: 0 | R46: 0 | S46: 0 | T46: 0 | U46: 0 | V46: 0 | W46: 0 | X46: =B46 -> PSU | Y46: 44 | AK46: NTU Racing | AL46: NTU | AM46: 44 | AN46: =SUMIF(Drivers!$B$11:$B$222,"*-"&Constructors!$AL46&"-*",Drivers!C$11:C$222) -> 0 | AO46: =SUMIF(Drivers!$B$11:$B$222,"*-"&Constructors!$AL46&"-*",Drivers!D$11:D$222) -> 3 | AQ46: =SUMIF(Drivers!$B$11:$B$222,"*-"&Constructors!$AL46&"-*",Drivers!E$11:E$222) -> 0 | AR46: =SUMIF(Drivers!$B$11:$B$222,"*-"&Constructors!$AL46&"-*",Drivers!F$11:F$222) -> 10 | AS46: =SUMIF(Drivers!$B$11:$B$222,"*-"&Constructors!$AL46&"-*",Drivers!G$11:G$222) -> 0 | AT46: =SUMIF(Drivers!$B$11:$B$222,"*-"&Constructors!$AL46&"-*",Drivers!H$11:H$222) -> 0 | AV46: =SUMIF(Drivers!$B$11:$B$222,"*-"&Constructors!$AL46&"-*",Drivers!I$11:I$222) -> 0 | AW46: =SUMIF(Drivers!$B$11:$B$222,"*-"&Constructors!$AL46&"-*",Drivers!J$11:J$222) -> 0 | AY46: =SUMIF(Drivers!$B$11:$B$222,"*-"&Constructors!$AL46&"-*",Drivers!K$11:K$222) -> 0 | AZ46: =SUMIF(Drivers!$B$11:$B$222,"*-"&Constructors!$AL46&"-*",Drivers!L$11:L$222) -> 0 | BB46: =SUMIF(Drivers!$B$11:$B$222,"*-"&Constructors!$AL46&"-*",Drivers!M$11:M$222) -> 0 | BC46: =SUMIF(Drivers!$B$11:$B$222,"*-"&Constructors!$AL46&"-*",Drivers!N$11:N$222) -> 0 | BE46: =SUMIF(Drivers!$B$11:$B$222,"*-"&Constructors!$AL46&"-*",Drivers!O$11:O$222) -> 0 | BF46: =SUMIF(Drivers!$B$11:$B$222,"*-"&Constructors!$AL46&"-*",Drivers!P$11:P$222) -> 0 | BG46: =SUM(AN46:BF46) -> 13
A47: Warwick Racing | B47: WAR | C47: 29 | D47: 0 | E47: 0 | F47: 0 | G47: 0 | H47: 0 | I47: 0 | J47: 0 | K47: 0 | L47: 0 | M47: 0 | N47: 0 | O47: 0 | P47: 0 | Q47: 0 | R47: 0 | S47: 0 | T47: 0 | U47: 0 | V47: 0 | W47: 0 | X47: =B47 -> WAR | Y47: 45 | AK47: UG Racing B | AL47: UGRB | AM47: 45 | AN47: =SUMIF(Drivers!$B$11:$B$222,"*-"&Constructors!$AL47&"-*",Drivers!C$11:C$222) -> 0 | AO47: =SUMIF(Drivers!$B$11:$B$222,"*-"&Constructors!$AL47&"-*",Drivers!D$11:D$222) -> 0 | AQ47: =SUMIF(Drivers!$B$11:$B$222,"*-"&Constructors!$AL47&"-*",Drivers!E$11:E$222) -> 5 | AR47: =SUMIF(Drivers!$B$11:$B$222,"*-"&Constructors!$AL47&"-*",Drivers!F$11:F$222) -> 8 | AS47: =SUMIF(Drivers!$B$11:$B$222,"*-"&Constructors!$AL47&"-*",Drivers!G$11:G$222) -> 0 | AT47: =SUMIF(Drivers!$B$11:$B$222,"*-"&Constructors!$AL47&"-*",Drivers!H$11:H$222) -> 0 | AV47: =SUMIF(Drivers!$B$11:$B$222,"*-"&Constructors!$AL47&"-*",Drivers!I$11:I$222) -> 0 | AW47: =SUMIF(Drivers!$B$11:$B$222,"*-"&Constructors!$AL47&"-*",Drivers!J$11:J$222) -> 0 | AY47: =SUMIF(Drivers!$B$11:$B$222,"*-"&Constructors!$AL47&"-*",Drivers!K$11:K$222) -> 0 | AZ47: =SUMIF(Drivers!$B$11:$B$222,"*-"&Constructors!$AL47&"-*",Drivers!L$11:L$222) -> 0 | BB47: =SUMIF(Drivers!$B$11:$B$222,"*-"&Constructors!$AL47&"-*",Drivers!M$11:M$222) -> 0 | BC47: =SUMIF(Drivers!$B$11:$B$222,"*-"&Constructors!$AL47&"-*",Drivers!N$11:N$222) -> 0 | BE47: =SUMIF(Drivers!$B$11:$B$222,"*-"&Constructors!$AL47&"-*",Drivers!O$11:O$222) -> 0 | BF47: =SUMIF(Drivers!$B$11:$B$222,"*-"&Constructors!$AL47&"-*",Drivers!P$11:P$222) -> 0 | BG47: =SUM(AN47:BF47) -> 13
A48: South Bank Racing | B48: SBANK | C48: 30 | D48: 0 | E48: 0 | F48: 0 | G48: 0 | H48: 0 | I48: 0 | J48: 0 | K48: 0 | L48: 0 | M48: 0 | N48: 0 | O48: 0 | P48: 0 | Q48: 0 | R48: 0 | S48: 0 | T48: 0 | U48: 0 | V48: 0 | W48: 0 | X48: =B48 -> SBANK | Y48: 46 | AK48: Zips Racing Electric | AL48: ZIPS | AM48: 46 | AN48: =SUMIF(Drivers!$B$11:$B$222,"*-"&Constructors!$AL48&"-*",Drivers!C$11:C$222) -> 0 | AO48: =SUMIF(Drivers!$B$11:$B$222,"*-"&Constructors!$AL48&"-*",Drivers!D$11:D$222) -> 0 | AQ48: =SUMIF(Drivers!$B$11:$B$222,"*-"&Constructors!$AL48&"-*",Drivers!E$11:E$222) -> 0 | AR48: =SUMIF(Drivers!$B$11:$B$222,"*-"&Constructors!$AL48&"-*",Drivers!F$11:F$222) -> 0 | AS48: =SUMIF(Drivers!$B$11:$B$222,"*-"&Constructors!$AL48&"-*",Drivers!G$11:G$222) -> 0 | AT48: =SUMIF(Drivers!$B$11:$B$222,"*-"&Constructors!$AL48&"-*",Drivers!H$11:H$222) -> 0 | AV48: =SUMIF(Drivers!$B$11:$B$222,"*-"&Constructors!$AL48&"-*",Drivers!I$11:I$222) -> 0 | AW48: =SUMIF(Drivers!$B$11:$B$222,"*-"&Constructors!$AL48&"-*",Drivers!J$11:J$222) -> 0 | AY48: =SUMIF(Drivers!$B$11:$B$222,"*-"&Constructors!$AL48&"-*",Drivers!K$11:K$222) -> 0 | AZ48: =SUMIF(Drivers!$B$11:$B$222,"*-"&Constructors!$AL48&"-*",Drivers!L$11:L$222) -> 0 | BB48: =SUMIF(Drivers!$B$11:$B$222,"*-"&Constructors!$AL48&"-*",Drivers!M$11:M$222) -> 0 | BC48: =SUMIF(Drivers!$B$11:$B$222,"*-"&Constructors!$AL48&"-*",Drivers!N$11:N$222) -> 0 | BE48: =SUMIF(Drivers!$B$11:$B$222,"*-"&Constructors!$AL48&"-*",Drivers!O$11:O$222) -> 0 | BF48: =SUMIF(Drivers!$B$11:$B$222,"*-"&Constructors!$AL48&"-*",Drivers!P$11:P$222) -> 0 | BG48: =SUM(AN48:BF48) -> 0
A49: ULM | B49: LIV | C49: 32 | D49: 0 | E49: 0 | F49: 0 | G49: 0 | H49: 0 | I49: 0 | J49: 0 | K49: 0 | L49: 0 | M49: 0 | N49: 0 | O49: 0 | P49: 0 | Q49: 0 | R49: 0 | S49: 0 | T49: 0 | U49: 0 | V49: 0 | W49: 0 | X49: =B49 -> LIV | Y49: 47 | AK49: Formula IUT | AL49: IUT | AM49: 47 | AN49: =SUMIF(Drivers!$B$11:$B$222,"*-"&Constructors!$AL49&"-*",Drivers!C$11:C$222) -> 0 | AO49: =SUMIF(Drivers!$B$11:$B$222,"*-"&Constructors!$AL49&"-*",Drivers!D$11:D$222) -> 0 | AQ49: =SUMIF(Drivers!$B$11:$B$222,"*-"&Constructors!$AL49&"-*",Drivers!E$11:E$222) -> 0 | AR49: =SUMIF(Drivers!$B$11:$B$222,"*-"&Constructors!$AL49&"-*",Drivers!F$11:F$222) -> 0 | AS49: =SUMIF(Drivers!$B$11:$B$222,"*-"&Constructors!$AL49&"-*",Drivers!G$11:G$222) -> 0 | AT49: =SUMIF(Drivers!$B$11:$B$222,"*-"&Constructors!$AL49&"-*",Drivers!H$11:H$222) -> 0 | AV49: =SUMIF(Drivers!$B$11:$B$222,"*-"&Constructors!$AL49&"-*",Drivers!I$11:I$222) -> 0 | AW49: =SUMIF(Drivers!$B$11:$B$222,"*-"&Constructors!$AL49&"-*",Drivers!J$11:J$222) -> 0 | AY49: =SUMIF(Drivers!$B$11:$B$222,"*-"&Constructors!$AL49&"-*",Drivers!K$11:K$222) -> 0 | AZ49: =SUMIF(Drivers!$B$11:$B$222,"*-"&Constructors!$AL49&"-*",Drivers!L$11:L$222) -> 0 | BB49: =SUMIF(Drivers!$B$11:$B$222,"*-"&Constructors!$AL49&"-*",Drivers!M$11:M$222) -> 0 | BC49: =SUMIF(Drivers!$B$11:$B$222,"*-"&Constructors!$AL49&"-*",Drivers!N$11:N$222) -> 0 | BE49: =SUMIF(Drivers!$B$11:$B$222,"*-"&Constructors!$AL49&"-*",Drivers!O$11:O$222) -> 0 | BF49: =SUMIF(Drivers!$B$11:$B$222,"*-"&Constructors!$AL49&"-*",Drivers!P$11:P$222) -> 0 | BG49: =SUM(AN49:BF49) -> 0
A50: IP Paris Racing Team | B50: IPPRT | C50: 33 | D50: 0 | E50: 0 | F50: 0 | G50: 0 | H50: 0 | I50: 0 | J50: 0 | K50: 0 | L50: 0 | M50: 0 | N50: 0 | O50: 0 | P50: 0 | Q50: 0 | R50: 0 | S50: 0 | T50: 0 | U50: 0 | V50: 0 | W50: 0 | X50: =B50 -> IPPRT | Y50: 48 | AK50: UPRacing Alternative Fuel | AL50: UPRAF | AM50: 48 | AN50: =SUMIF(Drivers!$B$11:$B$222,"*-"&Constructors!$AL50&"-*",Drivers!C$11:C$222) -> 50 | AO50: =SUMIF(Drivers!$B$11:$B$222,"*-"&Constructors!$AL50&"-*",Drivers!D$11:D$222) -> 15 | AQ50: =SUMIF(Drivers!$B$11:$B$222,"*-"&Constructors!$AL50&"-*",Drivers!E$11:E$222) -> 39 | AR50: =SUMIF(Drivers!$B$11:$B$222,"*-"&Constructors!$AL50&"-*",Drivers!F$11:F$222) -> 32 | AS50: =SUMIF(Drivers!$B$11:$B$222,"*-"&Constructors!$AL50&"-*",Drivers!G$11:G$222) -> 0 | AT50: =SUMIF(Drivers!$B$11:$B$222,"*-"&Constructors!$AL50&"-*",Drivers!H$11:H$222) -> 0 | AV50: =SUMIF(Drivers!$B$11:$B$222,"*-"&Constructors!$AL50&"-*",Drivers!I$11:I$222) -> 0 | AW50: =SUMIF(Drivers!$B$11:$B$222,"*-"&Constructors!$AL50&"-*",Drivers!J$11:J$222) -> 0 | AY50: =SUMIF(Drivers!$B$11:$B$222,"*-"&Constructors!$AL50&"-*",Drivers!K$11:K$222) -> 0 | AZ50: =SUMIF(Drivers!$B$11:$B$222,"*-"&Constructors!$AL50&"-*",Drivers!L$11:L$222) -> 0 | BB50: =SUMIF(Drivers!$B$11:$B$222,"*-"&Constructors!$AL50&"-*",Drivers!M$11:M$222) -> 0 | BC50: =SUMIF(Drivers!$B$11:$B$222,"*-"&Constructors!$AL50&"-*",Drivers!N$11:N$222) -> 0 | BE50: =SUMIF(Drivers!$B$11:$B$222,"*-"&Constructors!$AL50&"-*",Drivers!O$11:O$222) -> 0 | BF50: =SUMIF(Drivers!$B$11:$B$222,"*-"&Constructors!$AL50&"-*",Drivers!P$11:P$222) -> 0 | BG50: =SUM(AN50:BF50) -> 136
A51: UC Motorsport | B51: CANT | C51: 39 | D51: 0 | E51: 0 | F51: 0 | G51: 0 | H51: 0 | I51: 0 | J51: 0 | K51: 0 | L51: 0 | M51: 0 | N51: 0 | O51: 0 | P51: 0 | Q51: 0 | R51: 0 | S51: 0 | T51: 0 | U51: 0 | V51: 0 | W51: 0 | X51: =B51 -> CANT | Y51: 49 | AK51: Team SURTES | AL51: SURT | AM51: 49 | AN51: =SUMIF(Drivers!$B$11:$B$222,"*-"&Constructors!$AL51&"-*",Drivers!C$11:C$222) -> 0 | AO51: =SUMIF(Drivers!$B$11:$B$222,"*-"&Constructors!$AL51&"-*",Drivers!D$11:D$222) -> 0 | AQ51: =SUMIF(Drivers!$B$11:$B$222,"*-"&Constructors!$AL51&"-*",Drivers!E$11:E$222) -> 0 | AR51: =SUMIF(Drivers!$B$11:$B$222,"*-"&Constructors!$AL51&"-*",Drivers!F$11:F$222) -> 0 | AS51: =SUMIF(Drivers!$B$11:$B$222,"*-"&Constructors!$AL51&"-*",Drivers!G$11:G$222) -> 0 | AT51: =SUMIF(Drivers!$B$11:$B$222,"*-"&Constructors!$AL51&"-*",Drivers!H$11:H$222) -> 0 | AV51: =SUMIF(Drivers!$B$11:$B$222,"*-"&Constructors!$AL51&"-*",Drivers!I$11:I$222) -> 0 | AW51: =SUMIF(Drivers!$B$11:$B$222,"*-"&Constructors!$AL51&"-*",Drivers!J$11:J$222) -> 0 | AY51: =SUMIF(Drivers!$B$11:$B$222,"*-"&Constructors!$AL51&"-*",Drivers!K$11:K$222) -> 0 | AZ51: =SUMIF(Drivers!$B$11:$B$222,"*-"&Constructors!$AL51&"-*",Drivers!L$11:L$222) -> 0 | BB51: =SUMIF(Drivers!$B$11:$B$222,"*-"&Constructors!$AL51&"-*",Drivers!M$11:M$222) -> 0 | BC51: =SUMIF(Drivers!$B$11:$B$222,"*-"&Constructors!$AL51&"-*",Drivers!N$11:N$222) -> 0 | BE51: =SUMIF(Drivers!$B$11:$B$222,"*-"&Constructors!$AL51&"-*",Drivers!O$11:O$222) -> 0 | BF51: =SUMIF(Drivers!$B$11:$B$222,"*-"&Constructors!$AL51&"-*",Drivers!P$11:P$222) -> 0 | BG51: =SUM(AN51:BF51) -> 0
A52: DMU Racing | B52: DMU | C52: 42 | D52: 0 | E52: 0 | F52: 0 | G52: 0 | H52: 0 | I52: 0 | J52: 0 | K52: 0 | L52: 0 | M52: 0 | N52: 0 | O52: 0 | P52: 0 | Q52: 0 | R52: 0 | S52: 0 | T52: 0 | U52: 0 | V52: 0 | W52: 0 | X52: =B52 -> DMU | Y52: 50 | AK52: LJMU e-Racing | AL52: LJMU | AM52: 50 | AN52: =SUMIF(Drivers!$B$11:$B$222,"*-"&Constructors!$AL52&"-*",Drivers!C$11:C$222) -> 0 | AO52: =SUMIF(Drivers!$B$11:$B$222,"*-"&Constructors!$AL52&"-*",Drivers!D$11:D$222) -> 24 | AQ52: =SUMIF(Drivers!$B$11:$B$222,"*-"&Constructors!$AL52&"-*",Drivers!E$11:E$222) -> 40 | AR52: =SUMIF(Drivers!$B$11:$B$222,"*-"&Constructors!$AL52&"-*",Drivers!F$11:F$222) -> 30 | AS52: =SUMIF(Drivers!$B$11:$B$222,"*-"&Constructors!$AL52&"-*",Drivers!G$11:G$222) -> 0 | AT52: =SUMIF(Drivers!$B$11:$B$222,"*-"&Constructors!$AL52&"-*",Drivers!H$11:H$222) -> 0 | AV52: =SUMIF(Drivers!$B$11:$B$222,"*-"&Constructors!$AL52&"-*",Drivers!I$11:I$222) -> 0 | AW52: =SUMIF(Drivers!$B$11:$B$222,"*-"&Constructors!$AL52&"-*",Drivers!J$11:J$222) -> 0 | AY52: =SUMIF(Drivers!$B$11:$B$222,"*-"&Constructors!$AL52&"-*",Drivers!K$11:K$222) -> 0 | AZ52: =SUMIF(Drivers!$B$11:$B$222,"*-"&Constructors!$AL52&"-*",Drivers!L$11:L$222) -> 0 | BB52: =SUMIF(Drivers!$B$11:$B$222,"*-"&Constructors!$AL52&"-*",Drivers!M$11:M$222) -> 0 | BC52: =SUMIF(Drivers!$B$11:$B$222,"*-"&Constructors!$AL52&"-*",Drivers!N$11:N$222) -> 0 | BE52: =SUMIF(Drivers!$B$11:$B$222,"*-"&Constructors!$AL52&"-*",Drivers!O$11:O$222) -> 0 | BF52: =SUMIF(Drivers!$B$11:$B$222,"*-"&Constructors!$AL52&"-*",Drivers!P$11:P$222) -> 0 | BG52: =SUM(AN52:BF52) -> 94
A53: Zips Racing Electric | B53: ZIPS | C53: 46 | D53: 0 | E53: 0 | F53: 0 | G53: 0 | H53: 0 | I53: 0 | J53: 0 | K53: 0 | L53: 0 | M53: 0 | N53: 0 | O53: 0 | P53: 0 | Q53: 0 | R53: 0 | S53: 0 | T53: 0 | U53: 0 | V53: 0 | W53: 0 | X53: =B53 -> ZIPS | Y53: 51 | AK53: Queen Mary Formula Student | AL53: QMFS | AM53: 51 | AN53: =SUMIF(Drivers!$B$11:$B$222,"*-"&Constructors!$AL53&"-*",Drivers!C$11:C$222) -> 2 | AO53: =SUMIF(Drivers!$B$11:$B$222,"*-"&Constructors!$AL53&"-*",Drivers!D$11:D$222) -> 38 | AP53: 30 | AQ53: =SUMIF(Drivers!$B$11:$B$222,"*-"&Constructors!$AL53&"-*",Drivers!E$11:E$222) -> 12 | AR53: =SUMIF(Drivers!$B$11:$B$222,"*-"&Constructors!$AL53&"-*",Drivers!F$11:F$222) -> 18 | AS53: =SUMIF(Drivers!$B$11:$B$222,"*-"&Constructors!$AL53&"-*",Drivers!G$11:G$222) -> 0 | AT53: =SUMIF(Drivers!$B$11:$B$222,"*-"&Constructors!$AL53&"-*",Drivers!H$11:H$222) -> 0 | AV53: =SUMIF(Drivers!$B$11:$B$222,"*-"&Constructors!$AL53&"-*",Drivers!I$11:I$222) -> 0 | AW53: =SUMIF(Drivers!$B$11:$B$222,"*-"&Constructors!$AL53&"-*",Drivers!J$11:J$222) -> 0 | AY53: =SUMIF(Drivers!$B$11:$B$222,"*-"&Constructors!$AL53&"-*",Drivers!K$11:K$222) -> 0 | AZ53: =SUMIF(Drivers!$B$11:$B$222,"*-"&Constructors!$AL53&"-*",Drivers!L$11:L$222) -> 0 | BB53: =SUMIF(Drivers!$B$11:$B$222,"*-"&Constructors!$AL53&"-*",Drivers!M$11:M$222) -> 0 | BC53: =SUMIF(Drivers!$B$11:$B$222,"*-"&Constructors!$AL53&"-*",Drivers!N$11:N$222) -> 0 | BE53: =SUMIF(Drivers!$B$11:$B$222,"*-"&Constructors!$AL53&"-*",Drivers!O$11:O$222) -> 0 | BF53: =SUMIF(Drivers!$B$11:$B$222,"*-"&Constructors!$AL53&"-*",Drivers!P$11:P$222) -> 0 | BG53: =SUM(AN53:BF53) -> 100
A54: Formula IUT | B54: IUT | C54: 47 | D54: 0 | E54: 0 | F54: 0 | G54: 0 | H54: 0 | I54: 0 | J54: 0 | K54: 0 | L54: 0 | M54: 0 | N54: 0 | O54: 0 | P54: 0 | Q54: 0 | R54: 0 | S54: 0 | T54: 0 | U54: 0 | V54: 0 | W54: 0 | X54: =B54 -> IUT | Y54: 52 | AK54: HKU Racing | AL54: HKU | AM54: 52 | AN54: =SUMIF(Drivers!$B$11:$B$222,"*-"&Constructors!$AL54&"-*",Drivers!C$11:C$222) -> 20 | AO54: =SUMIF(Drivers!$B$11:$B$222,"*-"&Constructors!$AL54&"-*",Drivers!D$11:D$222) -> 22 | AP54: 0 | AQ54: =SUMIF(Drivers!$B$11:$B$222,"*-"&Constructors!$AL54&"-*",Drivers!E$11:E$222) -> 0 | AR54: =SUMIF(Drivers!$B$11:$B$222,"*-"&Constructors!$AL54&"-*",Drivers!F$11:F$222) -> 0 | AS54: =SUMIF(Drivers!$B$11:$B$222,"*-"&Constructors!$AL54&"-*",Drivers!G$11:G$222) -> 0 | AT54: =SUMIF(Drivers!$B$11:$B$222,"*-"&Constructors!$AL54&"-*",Drivers!H$11:H$222) -> 0 | AV54: =SUMIF(Drivers!$B$11:$B$222,"*-"&Constructors!$AL54&"-*",Drivers!I$11:I$222) -> 0 | AW54: =SUMIF(Drivers!$B$11:$B$222,"*-"&Constructors!$AL54&"-*",Drivers!J$11:J$222) -> 0 | AY54: =SUMIF(Drivers!$B$11:$B$222,"*-"&Constructors!$AL54&"-*",Drivers!K$11:K$222) -> 0 | AZ54: =SUMIF(Drivers!$B$11:$B$222,"*-"&Constructors!$AL54&"-*",Drivers!L$11:L$222) -> 0 | BB54: =SUMIF(Drivers!$B$11:$B$222,"*-"&Constructors!$AL54&"-*",Drivers!M$11:M$222) -> 0 | BC54: =SUMIF(Drivers!$B$11:$B$222,"*-"&Constructors!$AL54&"-*",Drivers!N$11:N$222) -> 0 | BE54: =SUMIF(Drivers!$B$11:$B$222,"*-"&Constructors!$AL54&"-*",Drivers!O$11:O$222) -> 0 | BF54: =SUMIF(Drivers!$B$11:$B$222,"*-"&Constructors!$AL54&"-*",Drivers!P$11:P$222) -> 0 | BG54: =SUM(AN54:BF54) -> 42
A55: Team SURTES | B55: SURT | C55: 49 | D55: 0 | E55: 0 | F55: 0 | G55: 0 | H55: 0 | I55: 0 | J55: 0 | K55: 0 | L55: 0 | M55: 0 | N55: 0 | O55: 0 | P55: 0 | Q55: 0 | R55: 0 | S55: 0 | T55: 0 | U55: 0 | V55: 0 | W55: 0 | X55: =B55 -> SURT | Y55: 53 | AK55: Proton Dynamic | AL55: PROT | AM55: 53 | AN55: =SUMIF(Drivers!$B$11:$B$222,"*-"&Constructors!$AL55&"-*",Drivers!C$11:C$222) -> 34 | AO55: =SUMIF(Drivers!$B$11:$B$222,"*-"&Constructors!$AL55&"-*",Drivers!D$11:D$222) -> 4 | AQ55: =SUMIF(Drivers!$B$11:$B$222,"*-"&Constructors!$AL55&"-*",Drivers!E$11:E$222) -> 0 | AR55: =SUMIF(Drivers!$B$11:$B$222,"*-"&Constructors!$AL55&"-*",Drivers!F$11:F$222) -> 0 | AS55: =SUMIF(Drivers!$B$11:$B$222,"*-"&Constructors!$AL55&"-*",Drivers!G$11:G$222) -> 0 | AT55: =SUMIF(Drivers!$B$11:$B$222,"*-"&Constructors!$AL55&"-*",Drivers!H$11:H$222) -> 0 | AV55: =SUMIF(Drivers!$B$11:$B$222,"*-"&Constructors!$AL55&"-*",Drivers!I$11:I$222) -> 0 | AW55: =SUMIF(Drivers!$B$11:$B$222,"*-"&Constructors!$AL55&"-*",Drivers!J$11:J$222) -> 0 | AY55: =SUMIF(Drivers!$B$11:$B$222,"*-"&Constructors!$AL55&"-*",Drivers!K$11:K$222) -> 0 | AZ55: =SUMIF(Drivers!$B$11:$B$222,"*-"&Constructors!$AL55&"-*",Drivers!L$11:L$222) -> 0 | BB55: =SUMIF(Drivers!$B$11:$B$222,"*-"&Constructors!$AL55&"-*",Drivers!M$11:M$222) -> 0 | BC55: =SUMIF(Drivers!$B$11:$B$222,"*-"&Constructors!$AL55&"-*",Drivers!N$11:N$222) -> 0 | BE55: =SUMIF(Drivers!$B$11:$B$222,"*-"&Constructors!$AL55&"-*",Drivers!O$11:O$222) -> 0 | BF55: =SUMIF(Drivers!$B$11:$B$222,"*-"&Constructors!$AL55&"-*",Drivers!P$11:P$222) -> 0 | BG55: =SUM(AN55:BF55) -> 38
AK57: Team Name | AL57: Abrv | AM57: R1 | AO57: R2 | AQ57: R3 | AS57: R4 | AU57: R5 | AW57: R6 | AY57: R7 | BA57: Total | BC57: Real | BE57: Team Name | BF57: Abrv | BG57: EC1 | BI57: EC2 | BK57: EC3 | BM57: EC4 | BO57: EC5 | BQ57: Total | BS57: R7 | BU57: Total
AK58: UG Racing | AL58: UGRA | AM58: =AN3+AO3 -> 36 | AO58: =AQ3+AR3 -> 96 | AQ58: =AS3+AT3 -> 0 | AS58: =AV3+AW3 -> 0 | AU58: =AZ3+AY3 -> 0 | AW58: =BB3+BC3 -> 0 | AY58: =BE3+BF3 -> 0 | BA58: =SUM(AM58:AZ58)+BQ58 -> 182 | BC58: =BA58-MIN(AM58:AZ58) -> 182 | BE58: UG Racing | BF58: UGRA | BG58: =AP3 -> 50 | BI58: =AU3 -> 0 | BK58: =AX3 -> 0 | BM58: =BA3 -> 0 | BO58: =BD3 -> 0 | BQ58: =SUM(BG58:BP58) -> 50 | BS58: =BY3+BZ3 -> 0 | BU58: =SUM(BG58:BT58) -> 100
A59: {=_xlfn._xlws.SORT(AK57:BC110,19,-1,FALSE)} -> Team Name | B59: Abrv | C59: R1 | D59: 0 | E59: R2 | F59: 0 | G59: R3 | H59: 0 | I59: R4 | J59: 0 | K59: R5 | L59: 0 | M59: R6 | N59: 0 | O59: R7 | P59: 0 | Q59: Total | R59: 0 | S59: Real | AK59: SUFST | AL59: STON | AM59: =AN4+AO4 -> 63 | AO59: =AQ4+AR4 -> 97 | AQ59: =AS4+AT4 -> 0 | AS59: =AV4+AW4 -> 0 | AU59: =AZ4+AY4 -> 0 | AW59: =BB4+BC4 -> 0 | AY59: =BE4+BF4 -> 0 | BA59: =SUM(AM59:AZ59)+BQ59 -> 205 | BC59: =BA59-MIN(AM59:AZ59) -> 205 | BE59: SUFST | BF59: STON | BG59: =AP4 -> 45 | BI59: =AU4 -> 0 | BK59: =AX4 -> 0 | BM59: =BA4 -> 0 | BO59: =BD4 -> 0 | BQ59: =SUM(BG59:BP59) -> 45 | BS59: =BY4+BZ4 -> 0 | BU59: =SUM(BG59:BT59) -> 90
A60: SUFST | B60: STON | C60: 63 | D60: 0 | E60: 97 | F60: 0 | G60: 0 | H60: 0 | I60: 0 | J60: 0 | K60: 0 | L60: 0 | M60: 0 | N60: 0 | O60: 0 | P60: 0 | Q60: 205 | R60: 0 | S60: 205 | T60: =B60 -> STON | AK60: HERT | AL60: HULLA | AM60: =AN5+AO5 -> 74 | AO60: =AQ5+AR5 -> 64 | AQ60: =AS5+AT5 -> 0 | AS60: =AV5+AW5 -> 0 | AU60: =AZ5+AY5 -> 0 | AW60: =BB5+BC5 -> 0 | AY60: =BE5+BF5 -> 0 | BA60: =SUM(AM60:AZ60)+BQ60 -> 158 | BC60: =BA60-MIN(AM60:AZ60) -> 158 | BE60: HERT | BF60: HULLA | BG60: =AP5 -> 20 | BI60: =AU5 -> 0 | BK60: =AX5 -> 0 | BM60: =BA5 -> 0 | BO60: =BD5 -> 0 | BQ60: =SUM(BG60:BP60) -> 20 | BS60: =BY5+BZ5 -> 0 | BU60: =SUM(BG60:BT60) -> 40
A61: NCME Racing | B61: NCME | C61: 82 | D61: 0 | E61: 64 | F61: 0 | G61: 0 | H61: 0 | I61: 0 | J61: 0 | K61: 0 | L61: 0 | M61: 0 | N61: 0 | O61: 0 | P61: 0 | Q61: 188 | R61: 0 | S61: 188 | T61: =B61 -> NCME | AK61: NCME Racing | AL61: NCME | AM61: =AN6+AO6 -> 82 | AO61: =AQ6+AR6 -> 64 | AQ61: =AS6+AT6 -> 0 | AS61: =AV6+AW6 -> 0 | AU61: =AZ6+AY6 -> 0 | AW61: =BB6+BC6 -> 0 | AY61: =BE6+BF6 -> 0 | BA61: =SUM(AM61:AZ61)+BQ61 -> 188 | BC61: =BA61-MIN(AM61:AZ61) -> 188 | BE61: NCME Racing | BF61: NCME | BG61: =AP6 -> 42 | BI61: =AU6 -> 0 | BK61: =AX6 -> 0 | BM61: =BA6 -> 0 | BO61: =BD6 -> 0 | BQ61: =SUM(BG61:BP61) -> 42 | BS61: =BY6+BZ6 -> 0 | BU61: =SUM(BG61:BT61) -> 84
A62: UG Racing | B62: UGRA | C62: 36 | D62: 0 | E62: 96 | F62: 0 | G62: 0 | H62: 0 | I62: 0 | J62: 0 | K62: 0 | L62: 0 | M62: 0 | N62: 0 | O62: 0 | P62: 0 | Q62: 182 | R62: 0 | S62: 182 | T62: =B62 -> UGRA | AK62: UWTSD Sim Racing Team | AL62: UWTSD | AM62: =AN7+AO7 -> 56 | AO62: =AQ7+AR7 -> 31 | AQ62: =AS7+AT7 -> 0 | AS62: =AV7+AW7 -> 0 | AU62: =AZ7+AY7 -> 0 | AW62: =BB7+BC7 -> 0 | AY62: =BE7+BF7 -> 0 | BA62: =SUM(AM62:AZ62)+BQ62 -> 87 | BC62: =BA62-MIN(AM62:AZ62) -> 87 | BE62: UWTSD Sim Racing Team | BF62: UWTSD | BG62: =AP7 -> 0 | BI62: =AU7 -> 0 | BK62: =AX7 -> 0 | BM62: =BA7 -> 0 | BO62: =BD7 -> 0 | BQ62: =SUM(BG62:BP62) -> 0 | BS62: =BY7+BZ7 -> 0 | BU62: =SUM(BG62:BT62) -> 0
A63: UVigo Motorsport | B63: VIGO | C63: 96 | D63: 0 | E63: 51 | F63: 0 | G63: 0 | H63: 0 | I63: 0 | J63: 0 | K63: 0 | L63: 0 | M63: 0 | N63: 0 | O63: 0 | P63: 0 | Q63: 179 | R63: 0 | S63: 179 | T63: =B63 -> VIGO | AK63: Salford Racing | AL63: SALF | AM63: =AN8+AO8 -> 67 | AO63: =AQ8+AR8 -> 78 | AQ63: =AS8+AT8 -> 0 | AS63: =AV8+AW8 -> 0 | AU63: =AZ8+AY8 -> 0 | AW63: =BB8+BC8 -> 0 | AY63: =BE8+BF8 -> 0 | BA63: =SUM(AM63:AZ63)+BQ63 -> 145 | BC63: =BA63-MIN(AM63:AZ63) -> 145 | BE63: Salford Racing | BF63: SALF | BG63: =AP8 -> 0 | BI63: =AU8 -> 0 | BK63: =AX8 -> 0 | BM63: =BA8 -> 0 | BO63: =BD8 -> 0 | BQ63: =SUM(BG63:BP63) -> 0 | BS63: =BY8+BZ8 -> 0 | BU63: =SUM(BG63:BT63) -> 0
A64: HERT | B64: HULLA | C64: 74 | D64: 0 | E64: 64 | F64: 0 | G64: 0 | H64: 0 | I64: 0 | J64: 0 | K64: 0 | L64: 0 | M64: 0 | N64: 0 | O64: 0 | P64: 0 | Q64: 158 | R64: 0 | S64: 158 | T64: =B64 -> HULLA | AK64: USM | AL64: USM | AM64: =AN9+AO9 -> 42 | AO64: =AQ9+AR9 -> 0 | AQ64: =AS9+AT9 -> 0 | AS64: =AV9+AW9 -> 0 | AU64: =AZ9+AY9 -> 0 | AW64: =BB9+BC9 -> 0 | AY64: =BE9+BF9 -> 0 | BA64: =SUM(AM64:AZ64)+BQ64 -> 78 | BC64: =BA64-MIN(AM64:AZ64) -> 78 | BE64: USM | BF64: USM | BG64: =AP9 -> 36 | BI64: =AU9 -> 0 | BK64: =AX9 -> 0 | BM64: =BA9 -> 0 | BO64: =BD9 -> 0 | BQ64: =SUM(BG64:BP64) -> 36 | BS64: =BY9+BZ9 -> 0 | BU64: =SUM(BG64:BT64) -> 72
A65: Salford Racing | B65: SALF | C65: 67 | D65: 0 | E65: 78 | F65: 0 | G65: 0 | H65: 0 | I65: 0 | J65: 0 | K65: 0 | L65: 0 | M65: 0 | N65: 0 | O65: 0 | P65: 0 | Q65: 145 | R65: 0 | S65: 145 | T65: =B65 -> SALF | AK65: Cardiff Racing | AL65: CARD | AM65: =AN10+AO10 -> 47 | AO65: =AQ10+AR10 -> 54 | AQ65: =AS10+AT10 -> 0 | AS65: =AV10+AW10 -> 0 | AU65: =AZ10+AY10 -> 0 | AW65: =BB10+BC10 -> 0 | AY65: =BE10+BF10 -> 0 | BA65: =SUM(AM65:AZ65)+BQ65 -> 129 | BC65: =BA65-MIN(AM65:AZ65) -> 129 | BE65: Cardiff Racing | BF65: CARD | BG65: =AP10 -> 28 | BI65: =AU10 -> 0 | BK65: =AX10 -> 0 | BM65: =BA10 -> 0 | BO65: =BD10 -> 0 | BQ65: =SUM(BG65:BP65) -> 28 | BS65: =BY10+BZ10 -> 0 | BU65: =SUM(BG65:BT65) -> 56
A66: UCD Formula Student | B66: UCD | C66: 55 | D66: 0 | E66: 47 | F66: 0 | G66: 0 | H66: 0 | I66: 0 | J66: 0 | K66: 0 | L66: 0 | M66: 0 | N66: 0 | O66: 0 | P66: 0 | Q66: 142 | R66: 0 | S66: 142 | T66: =B66 -> UCD | AK66: Fuosr mofu Alala Svtau)dent Vitoria | AL66: VIT | AM66: =AN11+AO11 -> 22 | AO66: =AQ11+AR11 -> 30 | AQ66: =AS11+AT11 -> 0 | AS66: =AV11+AW11 -> 0 | AU66: =AZ11+AY11 -> 0 | AW66: =BB11+BC11 -> 0 | AY66: =BE11+BF11 -> 0 | BA66: =SUM(AM66:AZ66)+BQ66 -> 52 | BC66: =BA66-MIN(AM66:AZ66) -> 52 | BE66: Fuosr mofu Alala Svtau)dent Vitoria | BF66: VIT | BG66: =AP11 -> 0 | BI66: =AU11 -> 0 | BK66: =AX11 -> 0 | BM66: =BA11 -> 0 | BO66: =BD11 -> 0 | BQ66: =SUM(BG66:BP66) -> 0 | BS66: =BY11+BZ11 -> 0 | BU66: =SUM(BG66:BT66) -> 0
A67: UPRacing Alternative Fuel | B67: UPRAF | C67: 65 | D67: 0 | E67: 71 | F67: 0 | G67: 0 | H67: 0 | I67: 0 | J67: 0 | K67: 0 | L67: 0 | M67: 0 | N67: 0 | O67: 0 | P67: 0 | Q67: 136 | R67: 0 | S67: 136 | T67: =B67 -> UPRAF | AK67: ION Racing | AL67: ION | AM67: =AN12+AO12 -> 0 | AO67: =AQ12+AR12 -> 31 | AQ67: =AS12+AT12 -> 0 | AS67: =AV12+AW12 -> 0 | AU67: =AZ12+AY12 -> 0 | AW67: =BB12+BC12 -> 0 | AY67: =BE12+BF12 -> 0 | BA67: =SUM(AM67:AZ67)+BQ67 -> 31 | BC67: =BA67-MIN(AM67:AZ67) -> 31 | BE67: ION Racing | BF67: ION | BG67: =AP12 -> 0 | BI67: =AU12 -> 0 | BK67: =AX12 -> 0 | BM67: =BA12 -> 0 | BO67: =BD12 -> 0 | BQ67: =SUM(BG67:BP67) -> 0 | BS67: =BY12+BZ12 -> 0 | BU67: =SUM(BG67:BT67) -> 0
A68: Cardiff Racing | B68: CARD | C68: 47 | D68: 0 | E68: 54 | F68: 0 | G68: 0 | H68: 0 | I68: 0 | J68: 0 | K68: 0 | L68: 0 | M68: 0 | N68: 0 | O68: 0 | P68: 0 | Q68: 129 | R68: 0 | S68: 129 | T68: =B68 -> CARD | AK68: Full Blue Racing | AL68: CAMA | AM68: =AN13+AO13 -> 26 | AO68: =AQ13+AR13 -> 0 | AQ68: =AS13+AT13 -> 0 | AS68: =AV13+AW13 -> 0 | AU68: =AZ13+AY13 -> 0 | AW68: =BB13+BC13 -> 0 | AY68: =BE13+BF13 -> 0 | BA68: =SUM(AM68:AZ68)+BQ68 -> 26 | BC68: =BA68-MIN(AM68:AZ68) -> 26 | BE68: Full Blue Racing | BF68: CAMA | BG68: =AP13 -> 0 | BI68: =AU13 -> 0 | BK68: =AX13 -> 0 | BM68: =BA13 -> 0 | BO68: =BD13 -> 0 | BQ68: =SUM(BG68:BP68) -> 0 | BS68: =BY13+BZ13 -> 0 | BU68: =SUM(BG68:BT68) -> 0
A69: Team Bath Racing Electric | B69: BATH | C69: 60 | D69: 0 | E69: 64 | F69: 0 | G69: 0 | H69: 0 | I69: 0 | J69: 0 | K69: 0 | L69: 0 | M69: 0 | N69: 0 | O69: 0 | P69: 0 | Q69: 124 | R69: 0 | S69: 124 | T69: =B69 -> BATH | AK69: Kingston Racing | AL69: KING | AM69: =AN14+AO14 -> 1 | AO69: =AQ14+AR14 -> 15 | AQ69: =AS14+AT14 -> 0 | AS69: =AV14+AW14 -> 0 | AU69: =AZ14+AY14 -> 0 | AW69: =BB14+BC14 -> 0 | AY69: =BE14+BF14 -> 0 | BA69: =SUM(AM69:AZ69)+BQ69 -> 16 | BC69: =BA69-MIN(AM69:AZ69) -> 16 | BE69: Kingston Racing | BF69: KING | BG69: =AP14 -> 0 | BI69: =AU14 -> 0 | BK69: =AX14 -> 0 | BM69: =BA14 -> 0 | BO69: =BD14 -> 0 | BQ69: =SUM(BG69:BP69) -> 0 | BS69: =BY14+BZ14 -> 0 | BU69: =SUM(BG69:BT69) -> 0
A70: oRgeyd Bird Racing | B70: RBRT | C70: 47 | D70: 0 | E70: 42 | F70: 0 | G70: 0 | H70: 0 | I70: 0 | J70: 0 | K70: 0 | L70: 0 | M70: 0 | N70: 0 | O70: 0 | P70: 0 | Q70: 109 | R70: 0 | S70: 109 | T70: =B70 -> RBRT | AK70: OUSR - Oxford University Sim Racing | AL70: OUSR | AM70: =AN15+AO15 -> 0 | AO70: =AQ15+AR15 -> 0 | AQ70: =AS15+AT15 -> 0 | AS70: =AV15+AW15 -> 0 | AU70: =AZ15+AY15 -> 0 | AW70: =BB15+BC15 -> 0 | AY70: =BE15+BF15 -> 0 | BA70: =SUM(AM70:AZ70)+BQ70 -> 0 | BC70: =BA70-MIN(AM70:AZ70) -> 0 | BE70: OUSR - Oxford University Sim Racing | BF70: OUSR | BG70: =AP15 -> 0 | BI70: =AU15 -> 0 | BK70: =AX15 -> 0 | BM70: =BA15 -> 0 | BO70: =BD15 -> 0 | BQ70: =SUM(BG70:BP70) -> 0 | BS70: =BY15+BZ15 -> 0 | BU70: =SUM(BG70:BT70) -> 0
A71: MTU Formula Student | B71: MTU | C71: 33 | D71: 0 | E71: 50 | F71: 0 | G71: 0 | H71: 0 | I71: 0 | J71: 0 | K71: 0 | L71: 0 | M71: 0 | N71: 0 | O71: 0 | P71: 0 | Q71: 103 | R71: 0 | S71: 103 | T71: =B71 -> MTU | AK71: Team Aberdeen University (TAU) | AL71: TAU | AM71: =AN16+AO16 -> 24 | AO71: =AQ16+AR16 -> 31 | AQ71: =AS16+AT16 -> 0 | AS71: =AV16+AW16 -> 0 | AU71: =AZ16+AY16 -> 0 | AW71: =BB16+BC16 -> 0 | AY71: =BE16+BF16 -> 0 | BA71: =SUM(AM71:AZ71)+BQ71 -> 55 | BC71: =BA71-MIN(AM71:AZ71) -> 55 | BE71: Team Aberdeen University (TAU) | BF71: TAU | BG71: =AP16 -> 0 | BI71: =AU16 -> 0 | BK71: =AX16 -> 0 | BM71: =BA16 -> 0 | BO71: =BD16 -> 0 | BQ71: =SUM(BG71:BP71) -> 0 | BS71: =BY16+BZ16 -> 0 | BU71: =SUM(BG71:BT71) -> 0
... A110: Zips Racing Electric | B110: ZIPS | C110: 0 | D110: 0 | E110: 0 | F110: 0 | G110: 0 | H110: 0 | I110: 0 | J110: 0 | K110: 0 | L110: 0 | M110: 0 | N110: 0 | O110: 0 | P110: 0 | Q110: 0 | R110: 0 | S110: 0 | T110: =B110 -> ZIPS | AK110: Proton Dynamic | AL110: PROT | AM110: =AN55+AO55 -> 38 | AO110: =AQ55+AR55 -> 0 | AQ110: =AS55+AT55 -> 0 | AS110: =AV55+AW55 -> 0 | AU110: =AZ55+AY55 -> 0 | AW110: =BB55+BC55 -> 0 | AY110: =BE55+BF55 -> 0 | BA110: =SUM(AM110:AZ110)+BQ110 -> 38 | BC110: =BA110-MIN(AM110:AZ110) -> 38 | BE110: Proton Dynamic | BF110: PROT | BG110: =AP55 -> 0 | BI110: =AU55 -> 0 | BK110: =AX55 -> 0 | BM110: =BA55 -> 0 | BO110: =BD55 -> 0 | BQ110: =SUM(BG110:BP110) -> 0 | BS110: =BY55+BZ55 -> 0 | BU110: =SUM(BG110:BT110) -> 0
A111: Formula IUT | B111: IUT | C111: 0 | D111: 0 | E111: 0 | F111: 0 | G111: 0 | H111: 0 | I111: 0 | J111: 0 | K111: 0 | L111: 0 | M111: 0 | N111: 0 | O111: 0 | P111: 0 | Q111: 0 | R111: 0 | S111: 0 | T111: =B111 -> IUT
A112: Team SURTES | B112: SURT | C112: 0 | D112: 0 | E112: 0 | F112: 0 | G112: 0 | H112: 0 | I112: 0 | J112: 0 | K112: 0 | L112: 0 | M112: 0 | N112: 0 | O112: 0 | P112: 0 | Q112: 0 | R112: 0 | S112: 0 | T112: =B112 -> SURT | AK112: {=_xlfn._xlws.SORT(AK57:BC110,12,-1,FALSE)} -> Team Name | AL112: Abrv | AM112: R1 | AN112: 0 | AO112: R2 | AP112: 0 | AQ112: R3 | AR112: 0 | AS112: R4 | AT112: 0 | AU112: R5 | AV112: 0 | AW112: R6 | AX112: 0 | AY112: R7 | AZ112: 0 | BA112: Total | BB112: 0 | BC112: Real
AK113: UG Racing | AL113: UGRA | AM113: 36 | AN113: 0 | AO113: 96 | AP113: 0 | AQ113: 0 | AR113: 0 | AS113: 0 | AT113: 0 | AU113: 0 | AV113: 0 | AW113: 0 | AX113: 0 | AY113: 0 | AZ113: 0 | BA113: 182 | BB113: 0 | BC113: 182
AK114: SUFST | AL114: STON | AM114: 63 | AN114: 0 | AO114: 97 | AP114: 0 | AQ114: 0 | AR114: 0 | AS114: 0 | AT114: 0 | AU114: 0 | AV114: 0 | AW114: 0 | AX114: 0 | AY114: 0 | AZ114: 0 | BA114: 205 | BB114: 0 | BC114: 205
AK115: HERT | AL115: HULLA | AM115: 74 | AN115: 0 | AO115: 64 | AP115: 0 | AQ115: 0 | AR115: 0 | AS115: 0 | AT115: 0 | AU115: 0 | AV115: 0 | AW115: 0 | AX115: 0 | AY115: 0 | AZ115: 0 | BA115: 158 | BB115: 0 | BC115: 158
AK116: NCME Racing | AL116: NCME | AM116: 82 | AN116: 0 | AO116: 64 | AP116: 0 | AQ116: 0 | AR116: 0 | AS116: 0 | AT116: 0 | AU116: 0 | AV116: 0 | AW116: 0 | AX116: 0 | AY116: 0 | AZ116: 0 | BA116: 188 | BB116: 0 | BC116: 188
AK117: UWTSD Sim Racing Team | AL117: UWTSD | AM117: 56 | AN117: 0 | AO117: 31 | AP117: 0 | AQ117: 0 | AR117: 0 | AS117: 0 | AT117: 0 | AU117: 0 | AV117: 0 | AW117: 0 | AX117: 0 | AY117: 0 | AZ117: 0 | BA117: 87 | BB117: 0 | BC117: 87
AK118: Salford Racing | AL118: SALF | AM118: 67 | AN118: 0 | AO118: 78 | AP118: 0 | AQ118: 0 | AR118: 0 | AS118: 0 | AT118: 0 | AU118: 0 | AV118: 0 | AW118: 0 | AX118: 0 | AY118: 0 | AZ118: 0 | BA118: 145 | BB118: 0 | BC118: 145
AK119: USM | AL119: USM | AM119: 42 | AN119: 0 | AO119: 0 | AP119: 0 | AQ119: 0 | AR119: 0 | AS119: 0 | AT119: 0 | AU119: 0 | AV119: 0 | AW119: 0 | AX119: 0 | AY119: 0 | AZ119: 0 | BA119: 78 | BB119: 0 | BC119: 78
AK120: Cardiff Racing | AL120: CARD | AM120: 47 | AN120: 0 | AO120: 54 | AP120: 0 | AQ120: 0 | AR120: 0 | AS120: 0 | AT120: 0 | AU120: 0 | AV120: 0 | AW120: 0 | AX120: 0 | AY120: 0 | AZ120: 0 | BA120: 129 | BB120: 0 | BC120: 129
AK121: Fuosr mofu Alala Svtau)dent Vitoria | AL121: VIT | AM121: 22 | AN121: 0 | AO121: 30 | AP121: 0 | AQ121: 0 | AR121: 0 | AS121: 0 | AT121: 0 | AU121: 0 | AV121: 0 | AW121: 0 | AX121: 0 | AY121: 0 | AZ121: 0 | BA121: 52 | BB121: 0 | BC121: 52
AK122: ION Racing | AL122: ION | AM122: 0 | AN122: 0 | AO122: 31 | AP122: 0 | AQ122: 0 | AR122: 0 | AS122: 0 | AT122: 0 | AU122: 0 | AV122: 0 | AW122: 0 | AX122: 0 | AY122: 0 | AZ122: 0 | BA122: 31 | BB122: 0 | BC122: 31
AK123: Full Blue Racing | AL123: CAMA | AM123: 26 | AN123: 0 | AO123: 0 | AP123: 0 | AQ123: 0 | AR123: 0 | AS123: 0 | AT123: 0 | AU123: 0 | AV123: 0 | AW123: 0 | AX123: 0 | AY123: 0 | AZ123: 0 | BA123: 26 | BB123: 0 | BC123: 26
AK124: Kingston Racing | AL124: KING | AM124: 1 | AN124: 0 | AO124: 15 | AP124: 0 | AQ124: 0 | AR124: 0 | AS124: 0 | AT124: 0 | AU124: 0 | AV124: 0 | AW124: 0 | AX124: 0 | AY124: 0 | AZ124: 0 | BA124: 16 | BB124: 0 | BC124: 16
... AK165: Proton Dynamic | AL165: PROT | AM165: 38 | AN165: 0 | AO165: 0 | AP165: 0 | AQ165: 0 | AR165: 0 | AS165: 0 | AT165: 0 | AU165: 0 | AV165: 0 | AW165: 0 | AX165: 0 | AY165: 0 | AZ165: 0 | BA165: 38 | BB165: 0 | BC165: 38

Sheet Top
A1: Pole Position | B1: 35A-UCD-GARRETT | C1: 02A-STON-BHURJI | D1: 01C-UGRA-KHAN | E1: 02B-STON-MAWANDA
A2: Fastest Lap | B2: 40A-VIGO-COSTAS | C2: 02A-STON-BHURJI | D2: 02C-STON-WHITTAKER-CAMPIGOTTO | E2: 06A-SALF-WHEATER
A3: Highest Climber | B3: 23A-HULLB-ZALESKI | C3: 23A-HULLB-ZALESKI | D3: 48A-UPRAF-DZIUBA | E3: 06A-SALF-WHEATER | X3: =SUM(X5:X167) -> 569 | Y3: =SUM(Y5:Y167) -> 569 | Z3: =SUM(Z5:Z167) -> 569 | AA3: =SUM(AA5:AA167) -> 569
A4: Driver | B4: R1A | C4: R1B | D4: R2A | E4: R2B | F4: R3A | G4: R3B | H4: R4A | I4: R4B | J4: R5A | K4: R5B | L4: R6A | M4: R6B | N4: R7A | O4: R7B | W4: Driver | X4: R1A | Y4: R1B | Z4: R2A | AA4: R2B | AB4: R3A | AC4: R3B | AD4: R4A | AE4: R4B | AF4: R5A | AG4: R5B | AH4: R6A | AI4: R6B | AJ4: R7A | AK4: R7B | AL4: TOTAL
A5: 01A-UGRA-MCAULEY | B5: 16 | E5: 2 | T5: Position | U5: Top | W5: =A5 -> 01A-UGRA-MCAULEY | X5: =_xlfn.IFNA(LOOKUP(B5,$T$6:$T$25,$U$6:$U$25),0)+COUNTIF(B$1:B$3,$W5) -> 18 | Y5: =_xlfn.IFNA(LOOKUP(C5,$T$6:$T$25,$U$6:$U$25),0)+COUNTIF(C$1:C$3,$W5) -> 0 | Z5: =_xlfn.IFNA(LOOKUP(D5,$T$6:$T$25,$U$6:$U$25),0)+COUNTIF(D$1:D$3,$W5) -> 0 | AA5: =_xlfn.IFNA(LOOKUP(E5,$T$6:$T$25,$U$6:$U$25),0)+COUNTIF(E$1:E$3,$W5) -> 45 | AB5: =_xlfn.IFNA(LOOKUP(F5,$T$6:$T$25,$U$6:$U$25),0)+COUNTIF(F$1:F$3,$W5) -> 0 | AC5: =_xlfn.IFNA(LOOKUP(G5,$T$6:$T$25,$U$6:$U$25),0)+COUNTIF(G$1:G$3,$W5) -> 0 | AD5: =_xlfn.IFNA(LOOKUP(H5,$T$6:$T$25,$U$6:$U$25),0)+COUNTIF(H$1:H$3,$W5) -> 0 | AE5: =_xlfn.IFNA(LOOKUP(I5,$T$6:$T$25,$U$6:$U$25),0)+COUNTIF(I$1:I$3,$W5) -> 0 | ... AK5: =_xlfn.IFNA(LOOKUP(O5,$T$6:$T$25,$U$6:$U$25),0)+COUNTIF(O$1:O$3,$W5) -> 0 | AL5: =SUM(X5:AK5) -> 63
A6: 01C-UGRA-KHAN | D6: 1 | T6: 1 | U6: 50 | W6: =A6 -> 01C-UGRA-KHAN | X6: =_xlfn.IFNA(LOOKUP(B6,$T$6:$T$25,$U$6:$U$25),0)+COUNTIF(B$1:B$3,$W6) -> 0 | Y6: =_xlfn.IFNA(LOOKUP(C6,$T$6:$T$25,$U$6:$U$25),0)+COUNTIF(C$1:C$3,$W6) -> 0 | Z6: =_xlfn.IFNA(LOOKUP(D6,$T$6:$T$25,$U$6:$U$25),0)+COUNTIF(D$1:D$3,$W6) -> 51 | AA6: =_xlfn.IFNA(LOOKUP(E6,$T$6:$T$25,$U$6:$U$25),0)+COUNTIF(E$1:E$3,$W6) -> 0 | AB6: =_xlfn.IFNA(LOOKUP(F6,$T$6:$T$25,$U$6:$U$25),0)+COUNTIF(F$1:F$3,$W6) -> 0 | AC6: =_xlfn.IFNA(LOOKUP(G6,$T$6:$T$25,$U$6:$U$25),0)+COUNTIF(G$1:G$3,$W6) -> 0 | AD6: =_xlfn.IFNA(LOOKUP(H6,$T$6:$T$25,$U$6:$U$25),0)+COUNTIF(H$1:H$3,$W6) -> 0 | AE6: =_xlfn.IFNA(LOOKUP(I6,$T$6:$T$25,$U$6:$U$25),0)+COUNTIF(I$1:I$3,$W6) -> 0 | ... AK6: =_xlfn.IFNA(LOOKUP(O6,$T$6:$T$25,$U$6:$U$25),0)+COUNTIF(O$1:O$3,$W6) -> 0 | AL6: =SUM(X6:AK6) -> 51
A7: 01D-UGRA-GINTER | C7: 16 | T7: 2 | U7: 45 | W7: =A7 -> 01D-UGRA-GINTER | X7: =_xlfn.IFNA(LOOKUP(B7,$T$6:$T$25,$U$6:$U$25),0)+COUNTIF(B$1:B$3,$W7) -> 0 | Y7: =_xlfn.IFNA(LOOKUP(C7,$T$6:$T$25,$U$6:$U$25),0)+COUNTIF(C$1:C$3,$W7) -> 18 | Z7: =_xlfn.IFNA(LOOKUP(D7,$T$6:$T$25,$U$6:$U$25),0)+COUNTIF(D$1:D$3,$W7) -> 0 | AA7: =_xlfn.IFNA(LOOKUP(E7,$T$6:$T$25,$U$6:$U$25),0)+COUNTIF(E$1:E$3,$W7) -> 0 | AB7: =_xlfn.IFNA(LOOKUP(F7,$T$6:$T$25,$U$6:$U$25),0)+COUNTIF(F$1:F$3,$W7) -> 0 | AC7: =_xlfn.IFNA(LOOKUP(G7,$T$6:$T$25,$U$6:$U$25),0)+COUNTIF(G$1:G$3,$W7) -> 0 | AD7: =_xlfn.IFNA(LOOKUP(H7,$T$6:$T$25,$U$6:$U$25),0)+COUNTIF(H$1:H$3,$W7) -> 0 | AE7: =_xlfn.IFNA(LOOKUP(I7,$T$6:$T$25,$U$6:$U$25),0)+COUNTIF(I$1:I$3,$W7) -> 0 | ... AK7: =_xlfn.IFNA(LOOKUP(O7,$T$6:$T$25,$U$6:$U$25),0)+COUNTIF(O$1:O$3,$W7) -> 0 | AL7: =SUM(X7:AK7) -> 18
A8: 02A-STON-BHURJI | C8: 2 | T8: 3 | U8: 42 | W8: =A8 -> 02A-STON-BHURJI | X8: =_xlfn.IFNA(LOOKUP(B8,$T$6:$T$25,$U$6:$U$25),0)+COUNTIF(B$1:B$3,$W8) -> 0 | Y8: =_xlfn.IFNA(LOOKUP(C8,$T$6:$T$25,$U$6:$U$25),0)+COUNTIF(C$1:C$3,$W8) -> 47 | Z8: =_xlfn.IFNA(LOOKUP(D8,$T$6:$T$25,$U$6:$U$25),0)+COUNTIF(D$1:D$3,$W8) -> 0 | AA8: =_xlfn.IFNA(LOOKUP(E8,$T$6:$T$25,$U$6:$U$25),0)+COUNTIF(E$1:E$3,$W8) -> 0 | AB8: =_xlfn.IFNA(LOOKUP(F8,$T$6:$T$25,$U$6:$U$25),0)+COUNTIF(F$1:F$3,$W8) -> 0 | AC8: =_xlfn.IFNA(LOOKUP(G8,$T$6:$T$25,$U$6:$U$25),0)+COUNTIF(G$1:G$3,$W8) -> 0 | AD8: =_xlfn.IFNA(LOOKUP(H8,$T$6:$T$25,$U$6:$U$25),0)+COUNTIF(H$1:H$3,$W8) -> 0 | AE8: =_xlfn.IFNA(LOOKUP(I8,$T$6:$T$25,$U$6:$U$25),0)+COUNTIF(I$1:I$3,$W8) -> 0 | ... AK8: =_xlfn.IFNA(LOOKUP(O8,$T$6:$T$25,$U$6:$U$25),0)+COUNTIF(O$1:O$3,$W8) -> 0 | AL8: =SUM(X8:AK8) -> 47
A9: 02B-STON-MAWANDA | B9: 18 | E9: 1 | T9: 4 | U9: 40 | W9: =A9 -> 02B-STON-MAWANDA | X9: =_xlfn.IFNA(LOOKUP(B9,$T$6:$T$25,$U$6:$U$25),0)+COUNTIF(B$1:B$3,$W9) -> 16 | Y9: =_xlfn.IFNA(LOOKUP(C9,$T$6:$T$25,$U$6:$U$25),0)+COUNTIF(C$1:C$3,$W9) -> 0 | Z9: =_xlfn.IFNA(LOOKUP(D9,$T$6:$T$25,$U$6:$U$25),0)+COUNTIF(D$1:D$3,$W9) -> 0 | AA9: =_xlfn.IFNA(LOOKUP(E9,$T$6:$T$25,$U$6:$U$25),0)+COUNTIF(E$1:E$3,$W9) -> 51 | AB9: =_xlfn.IFNA(LOOKUP(F9,$T$6:$T$25,$U$6:$U$25),0)+COUNTIF(F$1:F$3,$W9) -> 0 | AC9: =_xlfn.IFNA(LOOKUP(G9,$T$6:$T$25,$U$6:$U$25),0)+COUNTIF(G$1:G$3,$W9) -> 0 | AD9: =_xlfn.IFNA(LOOKUP(H9,$T$6:$T$25,$U$6:$U$25),0)+COUNTIF(H$1:H$3,$W9) -> 0 | AE9: =_xlfn.IFNA(LOOKUP(I9,$T$6:$T$25,$U$6:$U$25),0)+COUNTIF(I$1:I$3,$W9) -> 0 | ... AK9: =_xlfn.IFNA(LOOKUP(O9,$T$6:$T$25,$U$6:$U$25),0)+COUNTIF(O$1:O$3,$W9) -> 0 | AL9: =SUM(X9:AK9) -> 67
A10: 02C-STON-WHITTAKER-CAMPIGOTTO | D10: 2 | T10: 5 | U10: 38 | W10: =A10 -> 02C-STON-WHITTAKER-CAMPIGOTTO | X10: =_xlfn.IFNA(LOOKUP(B10,$T$6:$T$25,$U$6:$U$25),0)+COUNTIF(B$1:B$3,$W10) -> 0 | Y10: =_xlfn.IFNA(LOOKUP(C10,$T$6:$T$25,$U$6:$U$25),0)+COUNTIF(C$1:C$3,$W10) -> 0 | Z10: =_xlfn.IFNA(LOOKUP(D10,$T$6:$T$25,$U$6:$U$25),0)+COUNTIF(D$1:D$3,$W10) -> 46 | AA10: =_xlfn.IFNA(LOOKUP(E10,$T$6:$T$25,$U$6:$U$25),0)+COUNTIF(E$1:E$3,$W10) -> 0 | AB10: =_xlfn.IFNA(LOOKUP(F10,$T$6:$T$25,$U$6:$U$25),0)+COUNTIF(F$1:F$3,$W10) -> 0 | AC10: =_xlfn.IFNA(LOOKUP(G10,$T$6:$T$25,$U$6:$U$25),0)+COUNTIF(G$1:G$3,$W10) -> 0 | AD10: =_xlfn.IFNA(LOOKUP(H10,$T$6:$T$25,$U$6:$U$25),0)+COUNTIF(H$1:H$3,$W10) -> 0 | AE10: =_xlfn.IFNA(LOOKUP(I10,$T$6:$T$25,$U$6:$U$25),0)+COUNTIF(I$1:I$3,$W10) -> 0 | ... AK10: =_xlfn.IFNA(LOOKUP(O10,$T$6:$T$25,$U$6:$U$25),0)+COUNTIF(O$1:O$3,$W10) -> 0 | AL10: =SUM(X10:AK10) -> 46
A11: 03A-HULLA-DAVISON | B11: 5 | D11: 3 | T11: 6 | U11: 36 | W11: =A11 -> 03A-HULLA-DAVISON | X11: =_xlfn.IFNA(LOOKUP(B11,$T$6:$T$25,$U$6:$U$25),0)+COUNTIF(B$1:B$3,$W11) -> 38 | Y11: =_xlfn.IFNA(LOOKUP(C11,$T$6:$T$25,$U$6:$U$25),0)+COUNTIF(C$1:C$3,$W11) -> 0 | Z11: =_xlfn.IFNA(LOOKUP(D11,$T$6:$T$25,$U$6:$U$25),0)+COUNTIF(D$1:D$3,$W11) -> 42 | AA11: =_xlfn.IFNA(LOOKUP(E11,$T$6:$T$25,$U$6:$U$25),0)+COUNTIF(E$1:E$3,$W11) -> 0 | AB11: =_xlfn.IFNA(LOOKUP(F11,$T$6:$T$25,$U$6:$U$25),0)+COUNTIF(F$1:F$3,$W11) -> 0 | AC11: =_xlfn.IFNA(LOOKUP(G11,$T$6:$T$25,$U$6:$U$25),0)+COUNTIF(G$1:G$3,$W11) -> 0 | AD11: =_xlfn.IFNA(LOOKUP(H11,$T$6:$T$25,$U$6:$U$25),0)+COUNTIF(H$1:H$3,$W11) -> 0 | AE11: =_xlfn.IFNA(LOOKUP(I11,$T$6:$T$25,$U$6:$U$25),0)+COUNTIF(I$1:I$3,$W11) -> 0 | ... AK11: =_xlfn.IFNA(LOOKUP(O11,$T$6:$T$25,$U$6:$U$25),0)+COUNTIF(O$1:O$3,$W11) -> 0 | AL11: =SUM(X11:AK11) -> 80
A12: 03B-HULLA-PHILIP | C12: 6 | E12: 13 | T12: 7 | U12: 34 | W12: =A12 -> 03B-HULLA-PHILIP | X12: =_xlfn.IFNA(LOOKUP(B12,$T$6:$T$25,$U$6:$U$25),0)+COUNTIF(B$1:B$3,$W12) -> 0 | Y12: =_xlfn.IFNA(LOOKUP(C12,$T$6:$T$25,$U$6:$U$25),0)+COUNTIF(C$1:C$3,$W12) -> 36 | Z12: =_xlfn.IFNA(LOOKUP(D12,$T$6:$T$25,$U$6:$U$25),0)+COUNTIF(D$1:D$3,$W12) -> 0 | AA12: =_xlfn.IFNA(LOOKUP(E12,$T$6:$T$25,$U$6:$U$25),0)+COUNTIF(E$1:E$3,$W12) -> 22 | AB12: =_xlfn.IFNA(LOOKUP(F12,$T$6:$T$25,$U$6:$U$25),0)+COUNTIF(F$1:F$3,$W12) -> 0 | AC12: =_xlfn.IFNA(LOOKUP(G12,$T$6:$T$25,$U$6:$U$25),0)+COUNTIF(G$1:G$3,$W12) -> 0 | AD12: =_xlfn.IFNA(LOOKUP(H12,$T$6:$T$25,$U$6:$U$25),0)+COUNTIF(H$1:H$3,$W12) -> 0 | AE12: =_xlfn.IFNA(LOOKUP(I12,$T$6:$T$25,$U$6:$U$25),0)+COUNTIF(I$1:I$3,$W12) -> 0 | ... AK12: =_xlfn.IFNA(LOOKUP(O12,$T$6:$T$25,$U$6:$U$25),0)+COUNTIF(O$1:O$3,$W12) -> 0 | AL12: =SUM(X12:AK12) -> 58
A13: 04B-NCME-KELL | C13: 3 | E13: 3 | T13: 8 | U13: 32 | W13: =A13 -> 04B-NCME-KELL | X13: =_xlfn.IFNA(LOOKUP(B13,$T$6:$T$25,$U$6:$U$25),0)+COUNTIF(B$1:B$3,$W13) -> 0 | Y13: =_xlfn.IFNA(LOOKUP(C13,$T$6:$T$25,$U$6:$U$25),0)+COUNTIF(C$1:C$3,$W13) -> 42 | Z13: =_xlfn.IFNA(LOOKUP(D13,$T$6:$T$25,$U$6:$U$25),0)+COUNTIF(D$1:D$3,$W13) -> 0 | AA13: =_xlfn.IFNA(LOOKUP(E13,$T$6:$T$25,$U$6:$U$25),0)+COUNTIF(E$1:E$3,$W13) -> 42 | AB13: =_xlfn.IFNA(LOOKUP(F13,$T$6:$T$25,$U$6:$U$25),0)+COUNTIF(F$1:F$3,$W13) -> 0 | AC13: =_xlfn.IFNA(LOOKUP(G13,$T$6:$T$25,$U$6:$U$25),0)+COUNTIF(G$1:G$3,$W13) -> 0 | AD13: =_xlfn.IFNA(LOOKUP(H13,$T$6:$T$25,$U$6:$U$25),0)+COUNTIF(H$1:H$3,$W13) -> 0 | AE13: =_xlfn.IFNA(LOOKUP(I13,$T$6:$T$25,$U$6:$U$25),0)+COUNTIF(I$1:I$3,$W13) -> 0 | ... AK13: =_xlfn.IFNA(LOOKUP(O13,$T$6:$T$25,$U$6:$U$25),0)+COUNTIF(O$1:O$3,$W13) -> 0 | AL13: =SUM(X13:AK13) -> 84
A14: 04C-NCME-CAMPBELL | B14: 4 | D14: 13 | T14: 9 | U14: 30 | W14: =A14 -> 04C-NCME-CAMPBELL | X14: =_xlfn.IFNA(LOOKUP(B14,$T$6:$T$25,$U$6:$U$25),0)+COUNTIF(B$1:B$3,$W14) -> 40 | Y14: =_xlfn.IFNA(LOOKUP(C14,$T$6:$T$25,$U$6:$U$25),0)+COUNTIF(C$1:C$3,$W14) -> 0 | Z14: =_xlfn.IFNA(LOOKUP(D14,$T$6:$T$25,$U$6:$U$25),0)+COUNTIF(D$1:D$3,$W14) -> 22 | AA14: =_xlfn.IFNA(LOOKUP(E14,$T$6:$T$25,$U$6:$U$25),0)+COUNTIF(E$1:E$3,$W14) -> 0 | AB14: =_xlfn.IFNA(LOOKUP(F14,$T$6:$T$25,$U$6:$U$25),0)+COUNTIF(F$1:F$3,$W14) -> 0 | AC14: =_xlfn.IFNA(LOOKUP(G14,$T$6:$T$25,$U$6:$U$25),0)+COUNTIF(G$1:G$3,$W14) -> 0 | AD14: =_xlfn.IFNA(LOOKUP(H14,$T$6:$T$25,$U$6:$U$25),0)+COUNTIF(H$1:H$3,$W14) -> 0 | AE14: =_xlfn.IFNA(LOOKUP(I14,$T$6:$T$25,$U$6:$U$25),0)+COUNTIF(I$1:I$3,$W14) -> 0 | ... AK14: =_xlfn.IFNA(LOOKUP(O14,$T$6:$T$25,$U$6:$U$25),0)+COUNTIF(O$1:O$3,$W14) -> 0 | AL14: =SUM(X14:AK14) -> 62
A15: 05A-UWTSD-GREENHILL-UPWARD | D15: 12 | T15: 10 | U15: 28 | W15: =A15 -> 05A-UWTSD-GREENHILL-UPWARD | X15: =_xlfn.IFNA(LOOKUP(B15,$T$6:$T$25,$U$6:$U$25),0)+COUNTIF(B$1:B$3,$W15) -> 0 | Y15: =_xlfn.IFNA(LOOKUP(C15,$T$6:$T$25,$U$6:$U$25),0)+COUNTIF(C$1:C$3,$W15) -> 0 | Z15: =_xlfn.IFNA(LOOKUP(D15,$T$6:$T$25,$U$6:$U$25),0)+COUNTIF(D$1:D$3,$W15) -> 24 | AA15: =_xlfn.IFNA(LOOKUP(E15,$T$6:$T$25,$U$6:$U$25),0)+COUNTIF(E$1:E$3,$W15) -> 0 | AB15: =_xlfn.IFNA(LOOKUP(F15,$T$6:$T$25,$U$6:$U$25),0)+COUNTIF(F$1:F$3,$W15) -> 0 | AC15: =_xlfn.IFNA(LOOKUP(G15,$T$6:$T$25,$U$6:$U$25),0)+COUNTIF(G$1:G$3,$W15) -> 0 | AD15: =_xlfn.IFNA(LOOKUP(H15,$T$6:$T$25,$U$6:$U$25),0)+COUNTIF(H$1:H$3,$W15) -> 0 | AE15: =_xlfn.IFNA(LOOKUP(I15,$T$6:$T$25,$U$6:$U$25),0)+COUNTIF(I$1:I$3,$W15) -> 0 | ... AK15: =_xlfn.IFNA(LOOKUP(O15,$T$6:$T$25,$U$6:$U$25),0)+COUNTIF(O$1:O$3,$W15) -> 0 | AL15: =SUM(X15:AK15) -> 24
A16: 05E-UWTSD-GRAY | C16: 4 | T16: 11 | U16: 26 | W16: =A16 -> 05E-UWTSD-GRAY | X16: =_xlfn.IFNA(LOOKUP(B16,$T$6:$T$25,$U$6:$U$25),0)+COUNTIF(B$1:B$3,$W16) -> 0 | Y16: =_xlfn.IFNA(LOOKUP(C16,$T$6:$T$25,$U$6:$U$25),0)+COUNTIF(C$1:C$3,$W16) -> 40 | Z16: =_xlfn.IFNA(LOOKUP(D16,$T$6:$T$25,$U$6:$U$25),0)+COUNTIF(D$1:D$3,$W16) -> 0 | AA16: =_xlfn.IFNA(LOOKUP(E16,$T$6:$T$25,$U$6:$U$25),0)+COUNTIF(E$1:E$3,$W16) -> 0 | AB16: =_xlfn.IFNA(LOOKUP(F16,$T$6:$T$25,$U$6:$U$25),0)+COUNTIF(F$1:F$3,$W16) -> 0 | AC16: =_xlfn.IFNA(LOOKUP(G16,$T$6:$T$25,$U$6:$U$25),0)+COUNTIF(G$1:G$3,$W16) -> 0 | AD16: =_xlfn.IFNA(LOOKUP(H16,$T$6:$T$25,$U$6:$U$25),0)+COUNTIF(H$1:H$3,$W16) -> 0 | AE16: =_xlfn.IFNA(LOOKUP(I16,$T$6:$T$25,$U$6:$U$25),0)+COUNTIF(I$1:I$3,$W16) -> 0 | ... AK16: =_xlfn.IFNA(LOOKUP(O16,$T$6:$T$25,$U$6:$U$25),0)+COUNTIF(O$1:O$3,$W16) -> 0 | AL16: =SUM(X16:AK16) -> 40
A17: 06A-SALF-WHEATER | B17: 3 | D17: 6 | E17: 4 | T17: 12 | U17: 24 | W17: =A17 -> 06A-SALF-WHEATER | X17: =_xlfn.IFNA(LOOKUP(B17,$T$6:$T$25,$U$6:$U$25),0)+COUNTIF(B$1:B$3,$W17) -> 42 | Y17: =_xlfn.IFNA(LOOKUP(C17,$T$6:$T$25,$U$6:$U$25),0)+COUNTIF(C$1:C$3,$W17) -> 0 | Z17: =_xlfn.IFNA(LOOKUP(D17,$T$6:$T$25,$U$6:$U$25),0)+COUNTIF(D$1:D$3,$W17) -> 36 | AA17: =_xlfn.IFNA(LOOKUP(E17,$T$6:$T$25,$U$6:$U$25),0)+COUNTIF(E$1:E$3,$W17) -> 42 | AB17: =_xlfn.IFNA(LOOKUP(F17,$T$6:$T$25,$U$6:$U$25),0)+COUNTIF(F$1:F$3,$W17) -> 0 | AC17: =_xlfn.IFNA(LOOKUP(G17,$T$6:$T$25,$U$6:$U$25),0)+COUNTIF(G$1:G$3,$W17) -> 0 | AD17: =_xlfn.IFNA(LOOKUP(H17,$T$6:$T$25,$U$6:$U$25),0)+COUNTIF(H$1:H$3,$W17) -> 0 | AE17: =_xlfn.IFNA(LOOKUP(I17,$T$6:$T$25,$U$6:$U$25),0)+COUNTIF(I$1:I$3,$W17) -> 0 | ... AK17: =_xlfn.IFNA(LOOKUP(O17,$T$6:$T$25,$U$6:$U$25),0)+COUNTIF(O$1:O$3,$W17) -> 0 | AL17: =SUM(X17:AK17) -> 120
A18: 08A-CARD-FARMER | C18: 17 | D18: 16 | T18: 13 | U18: 22 | W18: =A18 -> 08A-CARD-FARMER | X18: =_xlfn.IFNA(LOOKUP(B18,$T$6:$T$25,$U$6:$U$25),0)+COUNTIF(B$1:B$3,$W18) -> 0 | Y18: =_xlfn.IFNA(LOOKUP(C18,$T$6:$T$25,$U$6:$U$25),0)+COUNTIF(C$1:C$3,$W18) -> 17 | Z18: =_xlfn.IFNA(LOOKUP(D18,$T$6:$T$25,$U$6:$U$25),0)+COUNTIF(D$1:D$3,$W18) -> 18 | AA18: =_xlfn.IFNA(LOOKUP(E18,$T$6:$T$25,$U$6:$U$25),0)+COUNTIF(E$1:E$3,$W18) -> 0 | AB18: =_xlfn.IFNA(LOOKUP(F18,$T$6:$T$25,$U$6:$U$25),0)+COUNTIF(F$1:F$3,$W18) -> 0 | AC18: =_xlfn.IFNA(LOOKUP(G18,$T$6:$T$25,$U$6:$U$25),0)+COUNTIF(G$1:G$3,$W18) -> 0 | AD18: =_xlfn.IFNA(LOOKUP(H18,$T$6:$T$25,$U$6:$U$25),0)+COUNTIF(H$1:H$3,$W18) -> 0 | AE18: =_xlfn.IFNA(LOOKUP(I18,$T$6:$T$25,$U$6:$U$25),0)+COUNTIF(I$1:I$3,$W18) -> 0 | ... AK18: =_xlfn.IFNA(LOOKUP(O18,$T$6:$T$25,$U$6:$U$25),0)+COUNTIF(O$1:O$3,$W18) -> 0 | AL18: =SUM(X18:AK18) -> 35
A19: 08B-CARD-KITCHEN | B19: 9 | E19: 6 | T19: 14 | U19: 20 | W19: =A19 -> 08B-CARD-KITCHEN | X19: =_xlfn.IFNA(LOOKUP(B19,$T$6:$T$25,$U$6:$U$25),0)+COUNTIF(B$1:B$3,$W19) -> 30 | Y19: =_xlfn.IFNA(LOOKUP(C19,$T$6:$T$25,$U$6:$U$25),0)+COUNTIF(C$1:C$3,$W19) -> 0 | Z19: =_xlfn.IFNA(LOOKUP(D19,$T$6:$T$25,$U$6:$U$25),0)+COUNTIF(D$1:D$3,$W19) -> 0 | AA19: =_xlfn.IFNA(LOOKUP(E19,$T$6:$T$25,$U$6:$U$25),0)+COUNTIF(E$1:E$3,$W19) -> 36 | AB19: =_xlfn.IFNA(LOOKUP(F19,$T$6:$T$25,$U$6:$U$25),0)+COUNTIF(F$1:F$3,$W19) -> 0 | AC19: =_xlfn.IFNA(LOOKUP(G19,$T$6:$T$25,$U$6:$U$25),0)+COUNTIF(G$1:G$3,$W19) -> 0 | AD19: =_xlfn.IFNA(LOOKUP(H19,$T$6:$T$25,$U$6:$U$25),0)+COUNTIF(H$1:H$3,$W19) -> 0 | AE19: =_xlfn.IFNA(LOOKUP(I19,$T$6:$T$25,$U$6:$U$25),0)+COUNTIF(I$1:I$3,$W19) -> 0 | ... AK19: =_xlfn.IFNA(LOOKUP(O19,$T$6:$T$25,$U$6:$U$25),0)+COUNTIF(O$1:O$3,$W19) -> 0 | AL19: =SUM(X19:AK19) -> 66
A20: 09D-VIT-MEDIAVILLA | D20: 9 | T20: 15 | U20: 19 | W20: =A20 -> 09D-VIT-MEDIAVILLA | X20: =_xlfn.IFNA(LOOKUP(B20,$T$6:$T$25,$U$6:$U$25),0)+COUNTIF(B$1:B$3,$W20) -> 0 | Y20: =_xlfn.IFNA(LOOKUP(C20,$T$6:$T$25,$U$6:$U$25),0)+COUNTIF(C$1:C$3,$W20) -> 0 | Z20: =_xlfn.IFNA(LOOKUP(D20,$T$6:$T$25,$U$6:$U$25),0)+COUNTIF(D$1:D$3,$W20) -> 30 | AA20: =_xlfn.IFNA(LOOKUP(E20,$T$6:$T$25,$U$6:$U$25),0)+COUNTIF(E$1:E$3,$W20) -> 0 | AB20: =_xlfn.IFNA(LOOKUP(F20,$T$6:$T$25,$U$6:$U$25),0)+COUNTIF(F$1:F$3,$W20) -> 0 | AC20: =_xlfn.IFNA(LOOKUP(G20,$T$6:$T$25,$U$6:$U$25),0)+COUNTIF(G$1:G$3,$W20) -> 0 | AD20: =_xlfn.IFNA(LOOKUP(H20,$T$6:$T$25,$U$6:$U$25),0)+COUNTIF(H$1:H$3,$W20) -> 0 | AE20: =_xlfn.IFNA(LOOKUP(I20,$T$6:$T$25,$U$6:$U$25),0)+COUNTIF(I$1:I$3,$W20) -> 0 | ... AK20: =_xlfn.IFNA(LOOKUP(O20,$T$6:$T$25,$U$6:$U$25),0)+COUNTIF(O$1:O$3,$W20) -> 0 | AL20: =SUM(X20:AK20) -> 30
A21: 10C-ION-PIHL | E21: 14 | T21: 16 | U21: 18 | W21: =A21 -> 10C-ION-PIHL | X21: =_xlfn.IFNA(LOOKUP(B21,$T$6:$T$25,$U$6:$U$25),0)+COUNTIF(B$1:B$3,$W21) -> 0 | Y21: =_xlfn.IFNA(LOOKUP(C21,$T$6:$T$25,$U$6:$U$25),0)+COUNTIF(C$1:C$3,$W21) -> 0 | Z21: =_xlfn.IFNA(LOOKUP(D21,$T$6:$T$25,$U$6:$U$25),0)+COUNTIF(D$1:D$3,$W21) -> 0 | AA21: =_xlfn.IFNA(LOOKUP(E21,$T$6:$T$25,$U$6:$U$25),0)+COUNTIF(E$1:E$3,$W21) -> 20 | AB21: =_xlfn.IFNA(LOOKUP(F21,$T$6:$T$25,$U$6:$U$25),0)+COUNTIF(F$1:F$3,$W21) -> 0 | AC21: =_xlfn.IFNA(LOOKUP(G21,$T$6:$T$25,$U$6:$U$25),0)+COUNTIF(G$1:G$3,$W21) -> 0 | AD21: =_xlfn.IFNA(LOOKUP(H21,$T$6:$T$25,$U$6:$U$25),0)+COUNTIF(H$1:H$3,$W21) -> 0 | AE21: =_xlfn.IFNA(LOOKUP(I21,$T$6:$T$25,$U$6:$U$25),0)+COUNTIF(I$1:I$3,$W21) -> 0 | ... AK21: =_xlfn.IFNA(LOOKUP(O21,$T$6:$T$25,$U$6:$U$25),0)+COUNTIF(O$1:O$3,$W21) -> 0 | AL21: =SUM(X21:AK21) -> 20
A22: 11B-CAMA-ZALA | C22: 20 | T22: 17 | U22: 17 | W22: =A22 -> 11B-CAMA-ZALA | X22: =_xlfn.IFNA(LOOKUP(B22,$T$6:$T$25,$U$6:$U$25),0)+COUNTIF(B$1:B$3,$W22) -> 0 | Y22: =_xlfn.IFNA(LOOKUP(C22,$T$6:$T$25,$U$6:$U$25),0)+COUNTIF(C$1:C$3,$W22) -> 14 | Z22: =_xlfn.IFNA(LOOKUP(D22,$T$6:$T$25,$U$6:$U$25),0)+COUNTIF(D$1:D$3,$W22) -> 0 | AA22: =_xlfn.IFNA(LOOKUP(E22,$T$6:$T$25,$U$6:$U$25),0)+COUNTIF(E$1:E$3,$W22) -> 0 | AB22: =_xlfn.IFNA(LOOKUP(F22,$T$6:$T$25,$U$6:$U$25),0)+COUNTIF(F$1:F$3,$W22) -> 0 | AC22: =_xlfn.IFNA(LOOKUP(G22,$T$6:$T$25,$U$6:$U$25),0)+COUNTIF(G$1:G$3,$W22) -> 0 | AD22: =_xlfn.IFNA(LOOKUP(H22,$T$6:$T$25,$U$6:$U$25),0)+COUNTIF(H$1:H$3,$W22) -> 0 | AE22: =_xlfn.IFNA(LOOKUP(I22,$T$6:$T$25,$U$6:$U$25),0)+COUNTIF(I$1:I$3,$W22) -> 0 | ... AK22: =_xlfn.IFNA(LOOKUP(O22,$T$6:$T$25,$U$6:$U$25),0)+COUNTIF(O$1:O$3,$W22) -> 0 | AL22: =SUM(X22:AK22) -> 14
A23: 12A-KING-WILLIAMS | D23: 7 | T23: 18 | U23: 16 | W23: =A23 -> 12A-KING-WILLIAMS | X23: =_xlfn.IFNA(LOOKUP(B23,$T$6:$T$25,$U$6:$U$25),0)+COUNTIF(B$1:B$3,$W23) -> 0 | Y23: =_xlfn.IFNA(LOOKUP(C23,$T$6:$T$25,$U$6:$U$25),0)+COUNTIF(C$1:C$3,$W23) -> 0 | Z23: =_xlfn.IFNA(LOOKUP(D23,$T$6:$T$25,$U$6:$U$25),0)+COUNTIF(D$1:D$3,$W23) -> 34 | AA23: =_xlfn.IFNA(LOOKUP(E23,$T$6:$T$25,$U$6:$U$25),0)+COUNTIF(E$1:E$3,$W23) -> 0 | AB23: =_xlfn.IFNA(LOOKUP(F23,$T$6:$T$25,$U$6:$U$25),0)+COUNTIF(F$1:F$3,$W23) -> 0 | AC23: =_xlfn.IFNA(LOOKUP(G23,$T$6:$T$25,$U$6:$U$25),0)+COUNTIF(G$1:G$3,$W23) -> 0 | AD23: =_xlfn.IFNA(LOOKUP(H23,$T$6:$T$25,$U$6:$U$25),0)+COUNTIF(H$1:H$3,$W23) -> 0 | AE23: =_xlfn.IFNA(LOOKUP(I23,$T$6:$T$25,$U$6:$U$25),0)+COUNTIF(I$1:I$3,$W23) -> 0 | ... AK23: =_xlfn.IFNA(LOOKUP(O23,$T$6:$T$25,$U$6:$U$25),0)+COUNTIF(O$1:O$3,$W23) -> 0 | AL23: =SUM(X23:AK23) -> 34
A24: 12B-KING-WILSON-WILLIAMS | E24: 19 | T24: 19 | U24: 15 | W24: =A24 -> 12B-KING-WILSON-WILLIAMS | X24: =_xlfn.IFNA(LOOKUP(B24,$T$6:$T$25,$U$6:$U$25),0)+COUNTIF(B$1:B$3,$W24) -> 0 | Y24: =_xlfn.IFNA(LOOKUP(C24,$T$6:$T$25,$U$6:$U$25),0)+COUNTIF(C$1:C$3,$W24) -> 0 | Z24: =_xlfn.IFNA(LOOKUP(D24,$T$6:$T$25,$U$6:$U$25),0)+COUNTIF(D$1:D$3,$W24) -> 0 | AA24: =_xlfn.IFNA(LOOKUP(E24,$T$6:$T$25,$U$6:$U$25),0)+COUNTIF(E$1:E$3,$W24) -> 15 | AB24: =_xlfn.IFNA(LOOKUP(F24,$T$6:$T$25,$U$6:$U$25),0)+COUNTIF(F$1:F$3,$W24) -> 0 | AC24: =_xlfn.IFNA(LOOKUP(G24,$T$6:$T$25,$U$6:$U$25),0)+COUNTIF(G$1:G$3,$W24) -> 0 | AD24: =_xlfn.IFNA(LOOKUP(H24,$T$6:$T$25,$U$6:$U$25),0)+COUNTIF(H$1:H$3,$W24) -> 0 | AE24: =_xlfn.IFNA(LOOKUP(I24,$T$6:$T$25,$U$6:$U$25),0)+COUNTIF(I$1:I$3,$W24) -> 0 | ... AK24: =_xlfn.IFNA(LOOKUP(O24,$T$6:$T$25,$U$6:$U$25),0)+COUNTIF(O$1:O$3,$W24) -> 0 | AL24: =SUM(X24:AK24) -> 15
A25: 14B-TAU-ELDON | D25: 20 | T25: 20 | U25: 14 | W25: =A25 -> 14B-TAU-ELDON | X25: =_xlfn.IFNA(LOOKUP(B25,$T$6:$T$25,$U$6:$U$25),0)+COUNTIF(B$1:B$3,$W25) -> 0 | Y25: =_xlfn.IFNA(LOOKUP(C25,$T$6:$T$25,$U$6:$U$25),0)+COUNTIF(C$1:C$3,$W25) -> 0 | Z25: =_xlfn.IFNA(LOOKUP(D25,$T$6:$T$25,$U$6:$U$25),0)+COUNTIF(D$1:D$3,$W25) -> 14 | AA25: =_xlfn.IFNA(LOOKUP(E25,$T$6:$T$25,$U$6:$U$25),0)+COUNTIF(E$1:E$3,$W25) -> 0 | AB25: =_xlfn.IFNA(LOOKUP(F25,$T$6:$T$25,$U$6:$U$25),0)+COUNTIF(F$1:F$3,$W25) -> 0 | AC25: =_xlfn.IFNA(LOOKUP(G25,$T$6:$T$25,$U$6:$U$25),0)+COUNTIF(G$1:G$3,$W25) -> 0 | AD25: =_xlfn.IFNA(LOOKUP(H25,$T$6:$T$25,$U$6:$U$25),0)+COUNTIF(H$1:H$3,$W25) -> 0 | AE25: =_xlfn.IFNA(LOOKUP(I25,$T$6:$T$25,$U$6:$U$25),0)+COUNTIF(I$1:I$3,$W25) -> 0 | ... AK25: =_xlfn.IFNA(LOOKUP(O25,$T$6:$T$25,$U$6:$U$25),0)+COUNTIF(O$1:O$3,$W25) -> 0 | AL25: =SUM(X25:AK25) -> 14
A26: 14F-TAU-SCOTLAND | C26: 15 | E26: 17 | U26: =SUM(U6:U25)+3 -> 569 | W26: =A26 -> 14F-TAU-SCOTLAND | X26: =_xlfn.IFNA(LOOKUP(B26,$T$6:$T$25,$U$6:$U$25),0)+COUNTIF(B$1:B$3,$W26) -> 0 | Y26: =_xlfn.IFNA(LOOKUP(C26,$T$6:$T$25,$U$6:$U$25),0)+COUNTIF(C$1:C$3,$W26) -> 19 | Z26: =_xlfn.IFNA(LOOKUP(D26,$T$6:$T$25,$U$6:$U$25),0)+COUNTIF(D$1:D$3,$W26) -> 0 | AA26: =_xlfn.IFNA(LOOKUP(E26,$T$6:$T$25,$U$6:$U$25),0)+COUNTIF(E$1:E$3,$W26) -> 17 | AB26: =_xlfn.IFNA(LOOKUP(F26,$T$6:$T$25,$U$6:$U$25),0)+COUNTIF(F$1:F$3,$W26) -> 0 | AC26: =_xlfn.IFNA(LOOKUP(G26,$T$6:$T$25,$U$6:$U$25),0)+COUNTIF(G$1:G$3,$W26) -> 0 | AD26: =_xlfn.IFNA(LOOKUP(H26,$T$6:$T$25,$U$6:$U$25),0)+COUNTIF(H$1:H$3,$W26) -> 0 | AE26: =_xlfn.IFNA(LOOKUP(I26,$T$6:$T$25,$U$6:$U$25),0)+COUNTIF(I$1:I$3,$W26) -> 0 | ... AK26: =_xlfn.IFNA(LOOKUP(O26,$T$6:$T$25,$U$6:$U$25),0)+COUNTIF(O$1:O$3,$W26) -> 0 | AL26: =SUM(X26:AK26) -> 36
A27: 15A-LASS-TAGESTANIAN | C27: 14 | W27: =A27 -> 15A-LASS-TAGESTANIAN | X27: =_xlfn.IFNA(LOOKUP(B27,$T$6:$T$25,$U$6:$U$25),0)+COUNTIF(B$1:B$3,$W27) -> 0 | Y27: =_xlfn.IFNA(LOOKUP(C27,$T$6:$T$25,$U$6:$U$25),0)+COUNTIF(C$1:C$3,$W27) -> 20 | Z27: =_xlfn.IFNA(LOOKUP(D27,$T$6:$T$25,$U$6:$U$25),0)+COUNTIF(D$1:D$3,$W27) -> 0 | AA27: =_xlfn.IFNA(LOOKUP(E27,$T$6:$T$25,$U$6:$U$25),0)+COUNTIF(E$1:E$3,$W27) -> 0 | AB27: =_xlfn.IFNA(LOOKUP(F27,$T$6:$T$25,$U$6:$U$25),0)+COUNTIF(F$1:F$3,$W27) -> 0 | AC27: =_xlfn.IFNA(LOOKUP(G27,$T$6:$T$25,$U$6:$U$25),0)+COUNTIF(G$1:G$3,$W27) -> 0 | AD27: =_xlfn.IFNA(LOOKUP(H27,$T$6:$T$25,$U$6:$U$25),0)+COUNTIF(H$1:H$3,$W27) -> 0 | AE27: =_xlfn.IFNA(LOOKUP(I27,$T$6:$T$25,$U$6:$U$25),0)+COUNTIF(I$1:I$3,$W27) -> 0 | ... AK27: =_xlfn.IFNA(LOOKUP(O27,$T$6:$T$25,$U$6:$U$25),0)+COUNTIF(O$1:O$3,$W27) -> 0 | AL27: =SUM(X27:AK27) -> 20
A28: 16B-MAN-WILKINSON | E28: 20 | W28: =A28 -> 16B-MAN-WILKINSON | X28: =_xlfn.IFNA(LOOKUP(B28,$T$6:$T$25,$U$6:$U$25),0)+COUNTIF(B$1:B$3,$W28) -> 0 | Y28: =_xlfn.IFNA(LOOKUP(C28,$T$6:$T$25,$U$6:$U$25),0)+COUNTIF(C$1:C$3,$W28) -> 0 | Z28: =_xlfn.IFNA(LOOKUP(D28,$T$6:$T$25,$U$6:$U$25),0)+COUNTIF(D$1:D$3,$W28) -> 0 | AA28: =_xlfn.IFNA(LOOKUP(E28,$T$6:$T$25,$U$6:$U$25),0)+COUNTIF(E$1:E$3,$W28) -> 14 | AB28: =_xlfn.IFNA(LOOKUP(F28,$T$6:$T$25,$U$6:$U$25),0)+COUNTIF(F$1:F$3,$W28) -> 0 | AC28: =_xlfn.IFNA(LOOKUP(G28,$T$6:$T$25,$U$6:$U$25),0)+COUNTIF(G$1:G$3,$W28) -> 0 | AD28: =_xlfn.IFNA(LOOKUP(H28,$T$6:$T$25,$U$6:$U$25),0)+COUNTIF(H$1:H$3,$W28) -> 0 | AE28: =_xlfn.IFNA(LOOKUP(I28,$T$6:$T$25,$U$6:$U$25),0)+COUNTIF(I$1:I$3,$W28) -> 0 | ... AK28: =_xlfn.IFNA(LOOKUP(O28,$T$6:$T$25,$U$6:$U$25),0)+COUNTIF(O$1:O$3,$W28) -> 0 | AL28: =SUM(X28:AK28) -> 14
A29: 18B-FSTN-DEMPSTER | B29: 15 | W29: =A29 -> 18B-FSTN-DEMPSTER | X29: =_xlfn.IFNA(LOOKUP(B29,$T$6:$T$25,$U$6:$U$25),0)+COUNTIF(B$1:B$3,$W29) -> 19 | Y29: =_xlfn.IFNA(LOOKUP(C29,$T$6:$T$25,$U$6:$U$25),0)+COUNTIF(C$1:C$3,$W29) -> 0 | Z29: =_xlfn.IFNA(LOOKUP(D29,$T$6:$T$25,$U$6:$U$25),0)+COUNTIF(D$1:D$3,$W29) -> 0 | AA29: =_xlfn.IFNA(LOOKUP(E29,$T$6:$T$25,$U$6:$U$25),0)+COUNTIF(E$1:E$3,$W29) -> 0 | AB29: =_xlfn.IFNA(LOOKUP(F29,$T$6:$T$25,$U$6:$U$25),0)+COUNTIF(F$1:F$3,$W29) -> 0 | AC29: =_xlfn.IFNA(LOOKUP(G29,$T$6:$T$25,$U$6:$U$25),0)+COUNTIF(G$1:G$3,$W29) -> 0 | AD29: =_xlfn.IFNA(LOOKUP(H29,$T$6:$T$25,$U$6:$U$25),0)+COUNTIF(H$1:H$3,$W29) -> 0 | AE29: =_xlfn.IFNA(LOOKUP(I29,$T$6:$T$25,$U$6:$U$25),0)+COUNTIF(I$1:I$3,$W29) -> 0 | ... AK29: =_xlfn.IFNA(LOOKUP(O29,$T$6:$T$25,$U$6:$U$25),0)+COUNTIF(O$1:O$3,$W29) -> 0 | AL29: =SUM(X29:AK29) -> 19
A30: 21A-STAF-YOUDALE | B30: 13 | D30: 10 | W30: =A30 -> 21A-STAF-YOUDALE | X30: =_xlfn.IFNA(LOOKUP(B30,$T$6:$T$25,$U$6:$U$25),0)+COUNTIF(B$1:B$3,$W30) -> 22 | Y30: =_xlfn.IFNA(LOOKUP(C30,$T$6:$T$25,$U$6:$U$25),0)+COUNTIF(C$1:C$3,$W30) -> 0 | Z30: =_xlfn.IFNA(LOOKUP(D30,$T$6:$T$25,$U$6:$U$25),0)+COUNTIF(D$1:D$3,$W30) -> 28 | AA30: =_xlfn.IFNA(LOOKUP(E30,$T$6:$T$25,$U$6:$U$25),0)+COUNTIF(E$1:E$3,$W30) -> 0 | AB30: =_xlfn.IFNA(LOOKUP(F30,$T$6:$T$25,$U$6:$U$25),0)+COUNTIF(F$1:F$3,$W30) -> 0 | AC30: =_xlfn.IFNA(LOOKUP(G30,$T$6:$T$25,$U$6:$U$25),0)+COUNTIF(G$1:G$3,$W30) -> 0 | AD30: =_xlfn.IFNA(LOOKUP(H30,$T$6:$T$25,$U$6:$U$25),0)+COUNTIF(H$1:H$3,$W30) -> 0 | AE30: =_xlfn.IFNA(LOOKUP(I30,$T$6:$T$25,$U$6:$U$25),0)+COUNTIF(I$1:I$3,$W30) -> 0 | ... AK30: =_xlfn.IFNA(LOOKUP(O30,$T$6:$T$25,$U$6:$U$25),0)+COUNTIF(O$1:O$3,$W30) -> 0 | AL30: =SUM(X30:AK30) -> 50
A31: 23A-HULLB-ZALESKI | B31: 8 | C31: 9 | D31: 19 | W31: =A31 -> 23A-HULLB-ZALESKI | X31: =_xlfn.IFNA(LOOKUP(B31,$T$6:$T$25,$U$6:$U$25),0)+COUNTIF(B$1:B$3,$W31) -> 33 | Y31: =_xlfn.IFNA(LOOKUP(C31,$T$6:$T$25,$U$6:$U$25),0)+COUNTIF(C$1:C$3,$W31) -> 31 | Z31: =_xlfn.IFNA(LOOKUP(D31,$T$6:$T$25,$U$6:$U$25),0)+COUNTIF(D$1:D$3,$W31) -> 15 | AA31: =_xlfn.IFNA(LOOKUP(E31,$T$6:$T$25,$U$6:$U$25),0)+COUNTIF(E$1:E$3,$W31) -> 0 | AB31: =_xlfn.IFNA(LOOKUP(F31,$T$6:$T$25,$U$6:$U$25),0)+COUNTIF(F$1:F$3,$W31) -> 0 | AC31: =_xlfn.IFNA(LOOKUP(G31,$T$6:$T$25,$U$6:$U$25),0)+COUNTIF(G$1:G$3,$W31) -> 0 | AD31: =_xlfn.IFNA(LOOKUP(H31,$T$6:$T$25,$U$6:$U$25),0)+COUNTIF(H$1:H$3,$W31) -> 0 | AE31: =_xlfn.IFNA(LOOKUP(I31,$T$6:$T$25,$U$6:$U$25),0)+COUNTIF(I$1:I$3,$W31) -> 0 | ... AK31: =_xlfn.IFNA(LOOKUP(O31,$T$6:$T$25,$U$6:$U$25),0)+COUNTIF(O$1:O$3,$W31) -> 0 | AL31: =SUM(X31:AK31) -> 79
A32: 24A-UPRE-USHER | C32: 18 | W32: =A32 -> 24A-UPRE-USHER | X32: =_xlfn.IFNA(LOOKUP(B32,$T$6:$T$25,$U$6:$U$25),0)+COUNTIF(B$1:B$3,$W32) -> 0 | Y32: =_xlfn.IFNA(LOOKUP(C32,$T$6:$T$25,$U$6:$U$25),0)+COUNTIF(C$1:C$3,$W32) -> 16 | Z32: =_xlfn.IFNA(LOOKUP(D32,$T$6:$T$25,$U$6:$U$25),0)+COUNTIF(D$1:D$3,$W32) -> 0 | AA32: =_xlfn.IFNA(LOOKUP(E32,$T$6:$T$25,$U$6:$U$25),0)+COUNTIF(E$1:E$3,$W32) -> 0 | AB32: =_xlfn.IFNA(LOOKUP(F32,$T$6:$T$25,$U$6:$U$25),0)+COUNTIF(F$1:F$3,$W32) -> 0 | AC32: =_xlfn.IFNA(LOOKUP(G32,$T$6:$T$25,$U$6:$U$25),0)+COUNTIF(G$1:G$3,$W32) -> 0 | AD32: =_xlfn.IFNA(LOOKUP(H32,$T$6:$T$25,$U$6:$U$25),0)+COUNTIF(H$1:H$3,$W32) -> 0 | AE32: =_xlfn.IFNA(LOOKUP(I32,$T$6:$T$25,$U$6:$U$25),0)+COUNTIF(I$1:I$3,$W32) -> 0 | ... AK32: =_xlfn.IFNA(LOOKUP(O32,$T$6:$T$25,$U$6:$U$25),0)+COUNTIF(O$1:O$3,$W32) -> 0 | AL32: =SUM(X32:AK32) -> 16
A33: 24B-UPRE-DARVILL | B33: 12 | W33: =A33 -> 24B-UPRE-DARVILL | X33: =_xlfn.IFNA(LOOKUP(B33,$T$6:$T$25,$U$6:$U$25),0)+COUNTIF(B$1:B$3,$W33) -> 24 | Y33: =_xlfn.IFNA(LOOKUP(C33,$T$6:$T$25,$U$6:$U$25),0)+COUNTIF(C$1:C$3,$W33) -> 0 | Z33: =_xlfn.IFNA(LOOKUP(D33,$T$6:$T$25,$U$6:$U$25),0)+COUNTIF(D$1:D$3,$W33) -> 0 | AA33: =_xlfn.IFNA(LOOKUP(E33,$T$6:$T$25,$U$6:$U$25),0)+COUNTIF(E$1:E$3,$W33) -> 0 | AB33: =_xlfn.IFNA(LOOKUP(F33,$T$6:$T$25,$U$6:$U$25),0)+COUNTIF(F$1:F$3,$W33) -> 0 | AC33: =_xlfn.IFNA(LOOKUP(G33,$T$6:$T$25,$U$6:$U$25),0)+COUNTIF(G$1:G$3,$W33) -> 0 | AD33: =_xlfn.IFNA(LOOKUP(H33,$T$6:$T$25,$U$6:$U$25),0)+COUNTIF(H$1:H$3,$W33) -> 0 | AE33: =_xlfn.IFNA(LOOKUP(I33,$T$6:$T$25,$U$6:$U$25),0)+COUNTIF(I$1:I$3,$W33) -> 0 | ... AK33: =_xlfn.IFNA(LOOKUP(O33,$T$6:$T$25,$U$6:$U$25),0)+COUNTIF(O$1:O$3,$W33) -> 0 | AL33: =SUM(X33:AK33) -> 24
A34: 24C-UPRE-BENNETT-SANTAMARIA | E34: 18 | W34: =A34 -> 24C-UPRE-BENNETT-SANTAMARIA | X34: =_xlfn.IFNA(LOOKUP(B34,$T$6:$T$25,$U$6:$U$25),0)+COUNTIF(B$1:B$3,$W34) -> 0 | Y34: =_xlfn.IFNA(LOOKUP(C34,$T$6:$T$25,$U$6:$U$25),0)+COUNTIF(C$1:C$3,$W34) -> 0 | Z34: =_xlfn.IFNA(LOOKUP(D34,$T$6:$T$25,$U$6:$U$25),0)+COUNTIF(D$1:D$3,$W34) -> 0 | AA34: =_xlfn.IFNA(LOOKUP(E34,$T$6:$T$25,$U$6:$U$25),0)+COUNTIF(E$1:E$3,$W34) -> 16 | AB34: =_xlfn.IFNA(LOOKUP(F34,$T$6:$T$25,$U$6:$U$25),0)+COUNTIF(F$1:F$3,$W34) -> 0 | AC34: =_xlfn.IFNA(LOOKUP(G34,$T$6:$T$25,$U$6:$U$25),0)+COUNTIF(G$1:G$3,$W34) -> 0 | AD34: =_xlfn.IFNA(LOOKUP(H34,$T$6:$T$25,$U$6:$U$25),0)+COUNTIF(H$1:H$3,$W34) -> 0 | AE34: =_xlfn.IFNA(LOOKUP(I34,$T$6:$T$25,$U$6:$U$25),0)+COUNTIF(I$1:I$3,$W34) -> 0 | ... AK34: =_xlfn.IFNA(LOOKUP(O34,$T$6:$T$25,$U$6:$U$25),0)+COUNTIF(O$1:O$3,$W34) -> 0 | AL34: =SUM(X34:AK34) -> 16
A35: 27C-HERTS-ULATE | C35: 10 | D35: 17 | W35: =A35 -> 27C-HERTS-ULATE | X35: =_xlfn.IFNA(LOOKUP(B35,$T$6:$T$25,$U$6:$U$25),0)+COUNTIF(B$1:B$3,$W35) -> 0 | Y35: =_xlfn.IFNA(LOOKUP(C35,$T$6:$T$25,$U$6:$U$25),0)+COUNTIF(C$1:C$3,$W35) -> 28 | Z35: =_xlfn.IFNA(LOOKUP(D35,$T$6:$T$25,$U$6:$U$25),0)+COUNTIF(D$1:D$3,$W35) -> 17 | AA35: =_xlfn.IFNA(LOOKUP(E35,$T$6:$T$25,$U$6:$U$25),0)+COUNTIF(E$1:E$3,$W35) -> 0 | AB35: =_xlfn.IFNA(LOOKUP(F35,$T$6:$T$25,$U$6:$U$25),0)+COUNTIF(F$1:F$3,$W35) -> 0 | AC35: =_xlfn.IFNA(LOOKUP(G35,$T$6:$T$25,$U$6:$U$25),0)+COUNTIF(G$1:G$3,$W35) -> 0 | AD35: =_xlfn.IFNA(LOOKUP(H35,$T$6:$T$25,$U$6:$U$25),0)+COUNTIF(H$1:H$3,$W35) -> 0 | AE35: =_xlfn.IFNA(LOOKUP(I35,$T$6:$T$25,$U$6:$U$25),0)+COUNTIF(I$1:I$3,$W35) -> 0 | ... AK35: =_xlfn.IFNA(LOOKUP(O35,$T$6:$T$25,$U$6:$U$25),0)+COUNTIF(O$1:O$3,$W35) -> 0 | AL35: =SUM(X35:AK35) -> 45
A36: 35A-UCD-GARRETT | B36: 10 | E36: 10 | W36: =A36 -> 35A-UCD-GARRETT | X36: =_xlfn.IFNA(LOOKUP(B36,$T$6:$T$25,$U$6:$U$25),0)+COUNTIF(B$1:B$3,$W36) -> 29 | Y36: =_xlfn.IFNA(LOOKUP(C36,$T$6:$T$25,$U$6:$U$25),0)+COUNTIF(C$1:C$3,$W36) -> 0 | Z36: =_xlfn.IFNA(LOOKUP(D36,$T$6:$T$25,$U$6:$U$25),0)+COUNTIF(D$1:D$3,$W36) -> 0 | AA36: =_xlfn.IFNA(LOOKUP(E36,$T$6:$T$25,$U$6:$U$25),0)+COUNTIF(E$1:E$3,$W36) -> 28 | AB36: =_xlfn.IFNA(LOOKUP(F36,$T$6:$T$25,$U$6:$U$25),0)+COUNTIF(F$1:F$3,$W36) -> 0 | AC36: =_xlfn.IFNA(LOOKUP(G36,$T$6:$T$25,$U$6:$U$25),0)+COUNTIF(G$1:G$3,$W36) -> 0 | AD36: =_xlfn.IFNA(LOOKUP(H36,$T$6:$T$25,$U$6:$U$25),0)+COUNTIF(H$1:H$3,$W36) -> 0 | AE36: =_xlfn.IFNA(LOOKUP(I36,$T$6:$T$25,$U$6:$U$25),0)+COUNTIF(I$1:I$3,$W36) -> 0 | ... AK36: =_xlfn.IFNA(LOOKUP(O36,$T$6:$T$25,$U$6:$U$25),0)+COUNTIF(O$1:O$3,$W36) -> 0 | AL36: =SUM(X36:AK36) -> 57
A37: 35B-UCD-ZIELINSKI | C37: 11 | D37: 15 | W37: =A37 -> 35B-UCD-ZIELINSKI | X37: =_xlfn.IFNA(LOOKUP(B37,$T$6:$T$25,$U$6:$U$25),0)+COUNTIF(B$1:B$3,$W37) -> 0 | Y37: =_xlfn.IFNA(LOOKUP(C37,$T$6:$T$25,$U$6:$U$25),0)+COUNTIF(C$1:C$3,$W37) -> 26 | Z37: =_xlfn.IFNA(LOOKUP(D37,$T$6:$T$25,$U$6:$U$25),0)+COUNTIF(D$1:D$3,$W37) -> 19 | AA37: =_xlfn.IFNA(LOOKUP(E37,$T$6:$T$25,$U$6:$U$25),0)+COUNTIF(E$1:E$3,$W37) -> 0 | AB37: =_xlfn.IFNA(LOOKUP(F37,$T$6:$T$25,$U$6:$U$25),0)+COUNTIF(F$1:F$3,$W37) -> 0 | AC37: =_xlfn.IFNA(LOOKUP(G37,$T$6:$T$25,$U$6:$U$25),0)+COUNTIF(G$1:G$3,$W37) -> 0 | AD37: =_xlfn.IFNA(LOOKUP(H37,$T$6:$T$25,$U$6:$U$25),0)+COUNTIF(H$1:H$3,$W37) -> 0 | AE37: =_xlfn.IFNA(LOOKUP(I37,$T$6:$T$25,$U$6:$U$25),0)+COUNTIF(I$1:I$3,$W37) -> 0 | ... AK37: =_xlfn.IFNA(LOOKUP(O37,$T$6:$T$25,$U$6:$U$25),0)+COUNTIF(O$1:O$3,$W37) -> 0 | AL37: =SUM(X37:AK37) -> 45
A38: 36B-MTU-O'SHEA | B38: 20 | D38: 8 | W38: =A38 -> 36B-MTU-O'SHEA | X38: =_xlfn.IFNA(LOOKUP(B38,$T$6:$T$25,$U$6:$U$25),0)+COUNTIF(B$1:B$3,$W38) -> 14 | Y38: =_xlfn.IFNA(LOOKUP(C38,$T$6:$T$25,$U$6:$U$25),0)+COUNTIF(C$1:C$3,$W38) -> 0 | Z38: =_xlfn.IFNA(LOOKUP(D38,$T$6:$T$25,$U$6:$U$25),0)+COUNTIF(D$1:D$3,$W38) -> 32 | AA38: =_xlfn.IFNA(LOOKUP(E38,$T$6:$T$25,$U$6:$U$25),0)+COUNTIF(E$1:E$3,$W38) -> 0 | AB38: =_xlfn.IFNA(LOOKUP(F38,$T$6:$T$25,$U$6:$U$25),0)+COUNTIF(F$1:F$3,$W38) -> 0 | AC38: =_xlfn.IFNA(LOOKUP(G38,$T$6:$T$25,$U$6:$U$25),0)+COUNTIF(G$1:G$3,$W38) -> 0 | AD38: =_xlfn.IFNA(LOOKUP(H38,$T$6:$T$25,$U$6:$U$25),0)+COUNTIF(H$1:H$3,$W38) -> 0 | AE38: =_xlfn.IFNA(LOOKUP(I38,$T$6:$T$25,$U$6:$U$25),0)+COUNTIF(I$1:I$3,$W38) -> 0 | ... AK38: =_xlfn.IFNA(LOOKUP(O38,$T$6:$T$25,$U$6:$U$25),0)+COUNTIF(O$1:O$3,$W38) -> 0 | AL38: =SUM(X38:AK38) -> 46
A39: 37A-POLYU-LAM | B39: 17 | E39: 7 | W39: =A39 -> 37A-POLYU-LAM | X39: =_xlfn.IFNA(LOOKUP(B39,$T$6:$T$25,$U$6:$U$25),0)+COUNTIF(B$1:B$3,$W39) -> 17 | Y39: =_xlfn.IFNA(LOOKUP(C39,$T$6:$T$25,$U$6:$U$25),0)+COUNTIF(C$1:C$3,$W39) -> 0 | Z39: =_xlfn.IFNA(LOOKUP(D39,$T$6:$T$25,$U$6:$U$25),0)+COUNTIF(D$1:D$3,$W39) -> 0 | AA39: =_xlfn.IFNA(LOOKUP(E39,$T$6:$T$25,$U$6:$U$25),0)+COUNTIF(E$1:E$3,$W39) -> 34 | AB39: =_xlfn.IFNA(LOOKUP(F39,$T$6:$T$25,$U$6:$U$25),0)+COUNTIF(F$1:F$3,$W39) -> 0 | AC39: =_xlfn.IFNA(LOOKUP(G39,$T$6:$T$25,$U$6:$U$25),0)+COUNTIF(G$1:G$3,$W39) -> 0 | AD39: =_xlfn.IFNA(LOOKUP(H39,$T$6:$T$25,$U$6:$U$25),0)+COUNTIF(H$1:H$3,$W39) -> 0 | AE39: =_xlfn.IFNA(LOOKUP(I39,$T$6:$T$25,$U$6:$U$25),0)+COUNTIF(I$1:I$3,$W39) -> 0 | ... AK39: =_xlfn.IFNA(LOOKUP(O39,$T$6:$T$25,$U$6:$U$25),0)+COUNTIF(O$1:O$3,$W39) -> 0 | AL39: =SUM(X39:AK39) -> 51
A40: 38C-EXET-PRITCHARD | B40: 6 | D40: 14 | E40: 12 | W40: =A40 -> 38C-EXET-PRITCHARD | X40: =_xlfn.IFNA(LOOKUP(B40,$T$6:$T$25,$U$6:$U$25),0)+COUNTIF(B$1:B$3,$W40) -> 36 | Y40: =_xlfn.IFNA(LOOKUP(C40,$T$6:$T$25,$U$6:$U$25),0)+COUNTIF(C$1:C$3,$W40) -> 0 | Z40: =_xlfn.IFNA(LOOKUP(D40,$T$6:$T$25,$U$6:$U$25),0)+COUNTIF(D$1:D$3,$W40) -> 20 | AA40: =_xlfn.IFNA(LOOKUP(E40,$T$6:$T$25,$U$6:$U$25),0)+COUNTIF(E$1:E$3,$W40) -> 24 | AB40: =_xlfn.IFNA(LOOKUP(F40,$T$6:$T$25,$U$6:$U$25),0)+COUNTIF(F$1:F$3,$W40) -> 0 | AC40: =_xlfn.IFNA(LOOKUP(G40,$T$6:$T$25,$U$6:$U$25),0)+COUNTIF(G$1:G$3,$W40) -> 0 | AD40: =_xlfn.IFNA(LOOKUP(H40,$T$6:$T$25,$U$6:$U$25),0)+COUNTIF(H$1:H$3,$W40) -> 0 | AE40: =_xlfn.IFNA(LOOKUP(I40,$T$6:$T$25,$U$6:$U$25),0)+COUNTIF(I$1:I$3,$W40) -> 0 | ... AK40: =_xlfn.IFNA(LOOKUP(O40,$T$6:$T$25,$U$6:$U$25),0)+COUNTIF(O$1:O$3,$W40) -> 0 | AL40: =SUM(X40:AK40) -> 80
A41: 40A-VIGO-COSTAS | B41: 2 | W41: =A41 -> 40A-VIGO-COSTAS | X41: =_xlfn.IFNA(LOOKUP(B41,$T$6:$T$25,$U$6:$U$25),0)+COUNTIF(B$1:B$3,$W41) -> 46 | Y41: =_xlfn.IFNA(LOOKUP(C41,$T$6:$T$25,$U$6:$U$25),0)+COUNTIF(C$1:C$3,$W41) -> 0 | Z41: =_xlfn.IFNA(LOOKUP(D41,$T$6:$T$25,$U$6:$U$25),0)+COUNTIF(D$1:D$3,$W41) -> 0 | AA41: =_xlfn.IFNA(LOOKUP(E41,$T$6:$T$25,$U$6:$U$25),0)+COUNTIF(E$1:E$3,$W41) -> 0 | AB41: =_xlfn.IFNA(LOOKUP(F41,$T$6:$T$25,$U$6:$U$25),0)+COUNTIF(F$1:F$3,$W41) -> 0 | AC41: =_xlfn.IFNA(LOOKUP(G41,$T$6:$T$25,$U$6:$U$25),0)+COUNTIF(G$1:G$3,$W41) -> 0 | AD41: =_xlfn.IFNA(LOOKUP(H41,$T$6:$T$25,$U$6:$U$25),0)+COUNTIF(H$1:H$3,$W41) -> 0 | AE41: =_xlfn.IFNA(LOOKUP(I41,$T$6:$T$25,$U$6:$U$25),0)+COUNTIF(I$1:I$3,$W41) -> 0 | ... AK41: =_xlfn.IFNA(LOOKUP(O41,$T$6:$T$25,$U$6:$U$25),0)+COUNTIF(O$1:O$3,$W41) -> 0 | AL41: =SUM(X41:AK41) -> 46
A42: 40B-VIGO-VEIRO | C42: 1 | W42: =A42 -> 40B-VIGO-VEIRO | X42: =_xlfn.IFNA(LOOKUP(B42,$T$6:$T$25,$U$6:$U$25),0)+COUNTIF(B$1:B$3,$W42) -> 0 | Y42: =_xlfn.IFNA(LOOKUP(C42,$T$6:$T$25,$U$6:$U$25),0)+COUNTIF(C$1:C$3,$W42) -> 50 | Z42: =_xlfn.IFNA(LOOKUP(D42,$T$6:$T$25,$U$6:$U$25),0)+COUNTIF(D$1:D$3,$W42) -> 0 | AA42: =_xlfn.IFNA(LOOKUP(E42,$T$6:$T$25,$U$6:$U$25),0)+COUNTIF(E$1:E$3,$W42) -> 0 | AB42: =_xlfn.IFNA(LOOKUP(F42,$T$6:$T$25,$U$6:$U$25),0)+COUNTIF(F$1:F$3,$W42) -> 0 | AC42: =_xlfn.IFNA(LOOKUP(G42,$T$6:$T$25,$U$6:$U$25),0)+COUNTIF(G$1:G$3,$W42) -> 0 | AD42: =_xlfn.IFNA(LOOKUP(H42,$T$6:$T$25,$U$6:$U$25),0)+COUNTIF(H$1:H$3,$W42) -> 0 | AE42: =_xlfn.IFNA(LOOKUP(I42,$T$6:$T$25,$U$6:$U$25),0)+COUNTIF(I$1:I$3,$W42) -> 0 | ... AK42: =_xlfn.IFNA(LOOKUP(O42,$T$6:$T$25,$U$6:$U$25),0)+COUNTIF(O$1:O$3,$W42) -> 0 | AL42: =SUM(X42:AK42) -> 50
A43: 41A-RBRT-CHENG | B43: 19 | C43: 8 | D43: 18 | E43: 11 | W43: =A43 -> 41A-RBRT-CHENG | X43: =_xlfn.IFNA(LOOKUP(B43,$T$6:$T$25,$U$6:$U$25),0)+COUNTIF(B$1:B$3,$W43) -> 15 | Y43: =_xlfn.IFNA(LOOKUP(C43,$T$6:$T$25,$U$6:$U$25),0)+COUNTIF(C$1:C$3,$W43) -> 32 | Z43: =_xlfn.IFNA(LOOKUP(D43,$T$6:$T$25,$U$6:$U$25),0)+COUNTIF(D$1:D$3,$W43) -> 16 | AA43: =_xlfn.IFNA(LOOKUP(E43,$T$6:$T$25,$U$6:$U$25),0)+COUNTIF(E$1:E$3,$W43) -> 26 | AB43: =_xlfn.IFNA(LOOKUP(F43,$T$6:$T$25,$U$6:$U$25),0)+COUNTIF(F$1:F$3,$W43) -> 0 | AC43: =_xlfn.IFNA(LOOKUP(G43,$T$6:$T$25,$U$6:$U$25),0)+COUNTIF(G$1:G$3,$W43) -> 0 | AD43: =_xlfn.IFNA(LOOKUP(H43,$T$6:$T$25,$U$6:$U$25),0)+COUNTIF(H$1:H$3,$W43) -> 0 | AE43: =_xlfn.IFNA(LOOKUP(I43,$T$6:$T$25,$U$6:$U$25),0)+COUNTIF(I$1:I$3,$W43) -> 0 | ... AK43: =_xlfn.IFNA(LOOKUP(O43,$T$6:$T$25,$U$6:$U$25),0)+COUNTIF(O$1:O$3,$W43) -> 0 | AL43: =SUM(X43:AK43) -> 89
A44: 43A-BATH-DOORGEEST | B44: 11 | D44: 11 | W44: =A44 -> 43A-BATH-DOORGEEST | X44: =_xlfn.IFNA(LOOKUP(B44,$T$6:$T$25,$U$6:$U$25),0)+COUNTIF(B$1:B$3,$W44) -> 26 | Y44: =_xlfn.IFNA(LOOKUP(C44,$T$6:$T$25,$U$6:$U$25),0)+COUNTIF(C$1:C$3,$W44) -> 0 | Z44: =_xlfn.IFNA(LOOKUP(D44,$T$6:$T$25,$U$6:$U$25),0)+COUNTIF(D$1:D$3,$W44) -> 26 | AA44: =_xlfn.IFNA(LOOKUP(E44,$T$6:$T$25,$U$6:$U$25),0)+COUNTIF(E$1:E$3,$W44) -> 0 | AB44: =_xlfn.IFNA(LOOKUP(F44,$T$6:$T$25,$U$6:$U$25),0)+COUNTIF(F$1:F$3,$W44) -> 0 | AC44: =_xlfn.IFNA(LOOKUP(G44,$T$6:$T$25,$U$6:$U$25),0)+COUNTIF(G$1:G$3,$W44) -> 0 | AD44: =_xlfn.IFNA(LOOKUP(H44,$T$6:$T$25,$U$6:$U$25),0)+COUNTIF(H$1:H$3,$W44) -> 0 | AE44: =_xlfn.IFNA(LOOKUP(I44,$T$6:$T$25,$U$6:$U$25),0)+COUNTIF(I$1:I$3,$W44) -> 0 | ... AK44: =_xlfn.IFNA(LOOKUP(O44,$T$6:$T$25,$U$6:$U$25),0)+COUNTIF(O$1:O$3,$W44) -> 0 | AL44: =SUM(X44:AK44) -> 52
A45: 43B-BATH-SLIJEPCEVIC | C45: 7 | W45: =A45 -> 43B-BATH-SLIJEPCEVIC | X45: =_xlfn.IFNA(LOOKUP(B45,$T$6:$T$25,$U$6:$U$25),0)+COUNTIF(B$1:B$3,$W45) -> 0 | Y45: =_xlfn.IFNA(LOOKUP(C45,$T$6:$T$25,$U$6:$U$25),0)+COUNTIF(C$1:C$3,$W45) -> 34 | Z45: =_xlfn.IFNA(LOOKUP(D45,$T$6:$T$25,$U$6:$U$25),0)+COUNTIF(D$1:D$3,$W45) -> 0 | AA45: =_xlfn.IFNA(LOOKUP(E45,$T$6:$T$25,$U$6:$U$25),0)+COUNTIF(E$1:E$3,$W45) -> 0 | AB45: =_xlfn.IFNA(LOOKUP(F45,$T$6:$T$25,$U$6:$U$25),0)+COUNTIF(F$1:F$3,$W45) -> 0 | AC45: =_xlfn.IFNA(LOOKUP(G45,$T$6:$T$25,$U$6:$U$25),0)+COUNTIF(G$1:G$3,$W45) -> 0 | AD45: =_xlfn.IFNA(LOOKUP(H45,$T$6:$T$25,$U$6:$U$25),0)+COUNTIF(H$1:H$3,$W45) -> 0 | AE45: =_xlfn.IFNA(LOOKUP(I45,$T$6:$T$25,$U$6:$U$25),0)+COUNTIF(I$1:I$3,$W45) -> 0 | ... AK45: =_xlfn.IFNA(LOOKUP(O45,$T$6:$T$25,$U$6:$U$25),0)+COUNTIF(O$1:O$3,$W45) -> 0 | AL45: =SUM(X45:AK45) -> 34
A46: 43C-BATH-KHAN | E46: 5 | W46: =A46 -> 43C-BATH-KHAN | X46: =_xlfn.IFNA(LOOKUP(B46,$T$6:$T$25,$U$6:$U$25),0)+COUNTIF(B$1:B$3,$W46) -> 0 | Y46: =_xlfn.IFNA(LOOKUP(C46,$T$6:$T$25,$U$6:$U$25),0)+COUNTIF(C$1:C$3,$W46) -> 0 | Z46: =_xlfn.IFNA(LOOKUP(D46,$T$6:$T$25,$U$6:$U$25),0)+COUNTIF(D$1:D$3,$W46) -> 0 | AA46: =_xlfn.IFNA(LOOKUP(E46,$T$6:$T$25,$U$6:$U$25),0)+COUNTIF(E$1:E$3,$W46) -> 38 | AB46: =_xlfn.IFNA(LOOKUP(F46,$T$6:$T$25,$U$6:$U$25),0)+COUNTIF(F$1:F$3,$W46) -> 0 | AC46: =_xlfn.IFNA(LOOKUP(G46,$T$6:$T$25,$U$6:$U$25),0)+COUNTIF(G$1:G$3,$W46) -> 0 | AD46: =_xlfn.IFNA(LOOKUP(H46,$T$6:$T$25,$U$6:$U$25),0)+COUNTIF(H$1:H$3,$W46) -> 0 | AE46: =_xlfn.IFNA(LOOKUP(I46,$T$6:$T$25,$U$6:$U$25),0)+COUNTIF(I$1:I$3,$W46) -> 0 | ... AK46: =_xlfn.IFNA(LOOKUP(O46,$T$6:$T$25,$U$6:$U$25),0)+COUNTIF(O$1:O$3,$W46) -> 0 | AL46: =SUM(X46:AK46) -> 38
A47: 48A-UPRAF-DZIUBA | B47: 1 | D47: 5 | E47: 8 | W47: =A47 -> 48A-UPRAF-DZIUBA | X47: =_xlfn.IFNA(LOOKUP(B47,$T$6:$T$25,$U$6:$U$25),0)+COUNTIF(B$1:B$3,$W47) -> 50 | Y47: =_xlfn.IFNA(LOOKUP(C47,$T$6:$T$25,$U$6:$U$25),0)+COUNTIF(C$1:C$3,$W47) -> 0 | Z47: =_xlfn.IFNA(LOOKUP(D47,$T$6:$T$25,$U$6:$U$25),0)+COUNTIF(D$1:D$3,$W47) -> 39 | AA47: =_xlfn.IFNA(LOOKUP(E47,$T$6:$T$25,$U$6:$U$25),0)+COUNTIF(E$1:E$3,$W47) -> 32 | AB47: =_xlfn.IFNA(LOOKUP(F47,$T$6:$T$25,$U$6:$U$25),0)+COUNTIF(F$1:F$3,$W47) -> 0 | AC47: =_xlfn.IFNA(LOOKUP(G47,$T$6:$T$25,$U$6:$U$25),0)+COUNTIF(G$1:G$3,$W47) -> 0 | AD47: =_xlfn.IFNA(LOOKUP(H47,$T$6:$T$25,$U$6:$U$25),0)+COUNTIF(H$1:H$3,$W47) -> 0 | AE47: =_xlfn.IFNA(LOOKUP(I47,$T$6:$T$25,$U$6:$U$25),0)+COUNTIF(I$1:I$3,$W47) -> 0 | ... AK47: =_xlfn.IFNA(LOOKUP(O47,$T$6:$T$25,$U$6:$U$25),0)+COUNTIF(O$1:O$3,$W47) -> 0 | AL47: =SUM(X47:AK47) -> 121
A48: 48B-UPRAF-SHAH | C48: 19 | W48: =A48 -> 48B-UPRAF-SHAH | X48: =_xlfn.IFNA(LOOKUP(B48,$T$6:$T$25,$U$6:$U$25),0)+COUNTIF(B$1:B$3,$W48) -> 0 | Y48: =_xlfn.IFNA(LOOKUP(C48,$T$6:$T$25,$U$6:$U$25),0)+COUNTIF(C$1:C$3,$W48) -> 15 | Z48: =_xlfn.IFNA(LOOKUP(D48,$T$6:$T$25,$U$6:$U$25),0)+COUNTIF(D$1:D$3,$W48) -> 0 | AA48: =_xlfn.IFNA(LOOKUP(E48,$T$6:$T$25,$U$6:$U$25),0)+COUNTIF(E$1:E$3,$W48) -> 0 | AB48: =_xlfn.IFNA(LOOKUP(F48,$T$6:$T$25,$U$6:$U$25),0)+COUNTIF(F$1:F$3,$W48) -> 0 | AC48: =_xlfn.IFNA(LOOKUP(G48,$T$6:$T$25,$U$6:$U$25),0)+COUNTIF(G$1:G$3,$W48) -> 0 | AD48: =_xlfn.IFNA(LOOKUP(H48,$T$6:$T$25,$U$6:$U$25),0)+COUNTIF(H$1:H$3,$W48) -> 0 | AE48: =_xlfn.IFNA(LOOKUP(I48,$T$6:$T$25,$U$6:$U$25),0)+COUNTIF(I$1:I$3,$W48) -> 0 | ... AK48: =_xlfn.IFNA(LOOKUP(O48,$T$6:$T$25,$U$6:$U$25),0)+COUNTIF(O$1:O$3,$W48) -> 0 | AL48: =SUM(X48:AK48) -> 15
A49: 50A-LJMU-MELLIAR-SMITH | E49: 9 | W49: =A49 -> 50A-LJMU-MELLIAR-SMITH | X49: =_xlfn.IFNA(LOOKUP(B49,$T$6:$T$25,$U$6:$U$25),0)+COUNTIF(B$1:B$3,$W49) -> 0 | Y49: =_xlfn.IFNA(LOOKUP(C49,$T$6:$T$25,$U$6:$U$25),0)+COUNTIF(C$1:C$3,$W49) -> 0 | Z49: =_xlfn.IFNA(LOOKUP(D49,$T$6:$T$25,$U$6:$U$25),0)+COUNTIF(D$1:D$3,$W49) -> 0 | AA49: =_xlfn.IFNA(LOOKUP(E49,$T$6:$T$25,$U$6:$U$25),0)+COUNTIF(E$1:E$3,$W49) -> 30 | AB49: =_xlfn.IFNA(LOOKUP(F49,$T$6:$T$25,$U$6:$U$25),0)+COUNTIF(F$1:F$3,$W49) -> 0 | AC49: =_xlfn.IFNA(LOOKUP(G49,$T$6:$T$25,$U$6:$U$25),0)+COUNTIF(G$1:G$3,$W49) -> 0 | AD49: =_xlfn.IFNA(LOOKUP(H49,$T$6:$T$25,$U$6:$U$25),0)+COUNTIF(H$1:H$3,$W49) -> 0 | AE49: =_xlfn.IFNA(LOOKUP(I49,$T$6:$T$25,$U$6:$U$25),0)+COUNTIF(I$1:I$3,$W49) -> 0 | ... AK49: =_xlfn.IFNA(LOOKUP(O49,$T$6:$T$25,$U$6:$U$25),0)+COUNTIF(O$1:O$3,$W49) -> 0 | AL49: =SUM(X49:AK49) -> 30
A50: 50B-LJMU-CHAMBERS | C50: 12 | W50: =A50 -> 50B-LJMU-CHAMBERS | X50: =_xlfn.IFNA(LOOKUP(B50,$T$6:$T$25,$U$6:$U$25),0)+COUNTIF(B$1:B$3,$W50) -> 0 | Y50: =_xlfn.IFNA(LOOKUP(C50,$T$6:$T$25,$U$6:$U$25),0)+COUNTIF(C$1:C$3,$W50) -> 24 | Z50: =_xlfn.IFNA(LOOKUP(D50,$T$6:$T$25,$U$6:$U$25),0)+COUNTIF(D$1:D$3,$W50) -> 0 | AA50: =_xlfn.IFNA(LOOKUP(E50,$T$6:$T$25,$U$6:$U$25),0)+COUNTIF(E$1:E$3,$W50) -> 0 | AB50: =_xlfn.IFNA(LOOKUP(F50,$T$6:$T$25,$U$6:$U$25),0)+COUNTIF(F$1:F$3,$W50) -> 0 | AC50: =_xlfn.IFNA(LOOKUP(G50,$T$6:$T$25,$U$6:$U$25),0)+COUNTIF(G$1:G$3,$W50) -> 0 | AD50: =_xlfn.IFNA(LOOKUP(H50,$T$6:$T$25,$U$6:$U$25),0)+COUNTIF(H$1:H$3,$W50) -> 0 | AE50: =_xlfn.IFNA(LOOKUP(I50,$T$6:$T$25,$U$6:$U$25),0)+COUNTIF(I$1:I$3,$W50) -> 0 | ... AK50: =_xlfn.IFNA(LOOKUP(O50,$T$6:$T$25,$U$6:$U$25),0)+COUNTIF(O$1:O$3,$W50) -> 0 | AL50: =SUM(X50:AK50) -> 24
A51: 50C-LJMU-SCHAPENDONK | D51: 4 | W51: =A51 -> 50C-LJMU-SCHAPENDONK | X51: =_xlfn.IFNA(LOOKUP(B51,$T$6:$T$25,$U$6:$U$25),0)+COUNTIF(B$1:B$3,$W51) -> 0 | Y51: =_xlfn.IFNA(LOOKUP(C51,$T$6:$T$25,$U$6:$U$25),0)+COUNTIF(C$1:C$3,$W51) -> 0 | Z51: =_xlfn.IFNA(LOOKUP(D51,$T$6:$T$25,$U$6:$U$25),0)+COUNTIF(D$1:D$3,$W51) -> 40 | AA51: =_xlfn.IFNA(LOOKUP(E51,$T$6:$T$25,$U$6:$U$25),0)+COUNTIF(E$1:E$3,$W51) -> 0 | AB51: =_xlfn.IFNA(LOOKUP(F51,$T$6:$T$25,$U$6:$U$25),0)+COUNTIF(F$1:F$3,$W51) -> 0 | AC51: =_xlfn.IFNA(LOOKUP(G51,$T$6:$T$25,$U$6:$U$25),0)+COUNTIF(G$1:G$3,$W51) -> 0 | AD51: =_xlfn.IFNA(LOOKUP(H51,$T$6:$T$25,$U$6:$U$25),0)+COUNTIF(H$1:H$3,$W51) -> 0 | AE51: =_xlfn.IFNA(LOOKUP(I51,$T$6:$T$25,$U$6:$U$25),0)+COUNTIF(I$1:I$3,$W51) -> 0 | ... AK51: =_xlfn.IFNA(LOOKUP(O51,$T$6:$T$25,$U$6:$U$25),0)+COUNTIF(O$1:O$3,$W51) -> 0 | AL51: =SUM(X51:AK51) -> 40
A52: 51A-QMFS-ALOJ | C52: 5 | E52: 16 | W52: =A52 -> 51A-QMFS-ALOJ | X52: =_xlfn.IFNA(LOOKUP(B52,$T$6:$T$25,$U$6:$U$25),0)+COUNTIF(B$1:B$3,$W52) -> 0 | Y52: =_xlfn.IFNA(LOOKUP(C52,$T$6:$T$25,$U$6:$U$25),0)+COUNTIF(C$1:C$3,$W52) -> 38 | Z52: =_xlfn.IFNA(LOOKUP(D52,$T$6:$T$25,$U$6:$U$25),0)+COUNTIF(D$1:D$3,$W52) -> 0 | AA52: =_xlfn.IFNA(LOOKUP(E52,$T$6:$T$25,$U$6:$U$25),0)+COUNTIF(E$1:E$3,$W52) -> 18 | AB52: =_xlfn.IFNA(LOOKUP(F52,$T$6:$T$25,$U$6:$U$25),0)+COUNTIF(F$1:F$3,$W52) -> 0 | AC52: =_xlfn.IFNA(LOOKUP(G52,$T$6:$T$25,$U$6:$U$25),0)+COUNTIF(G$1:G$3,$W52) -> 0 | AD52: =_xlfn.IFNA(LOOKUP(H52,$T$6:$T$25,$U$6:$U$25),0)+COUNTIF(H$1:H$3,$W52) -> 0 | AE52: =_xlfn.IFNA(LOOKUP(I52,$T$6:$T$25,$U$6:$U$25),0)+COUNTIF(I$1:I$3,$W52) -> 0 | ... AK52: =_xlfn.IFNA(LOOKUP(O52,$T$6:$T$25,$U$6:$U$25),0)+COUNTIF(O$1:O$3,$W52) -> 0 | AL52: =SUM(X52:AK52) -> 56
A53: 52A-HKU-AU-YEUNG | B53: 14 | W53: =A53 -> 52A-HKU-AU-YEUNG | X53: =_xlfn.IFNA(LOOKUP(B53,$T$6:$T$25,$U$6:$U$25),0)+COUNTIF(B$1:B$3,$W53) -> 20 | Y53: =_xlfn.IFNA(LOOKUP(C53,$T$6:$T$25,$U$6:$U$25),0)+COUNTIF(C$1:C$3,$W53) -> 0 | Z53: =_xlfn.IFNA(LOOKUP(D53,$T$6:$T$25,$U$6:$U$25),0)+COUNTIF(D$1:D$3,$W53) -> 0 | AA53: =_xlfn.IFNA(LOOKUP(E53,$T$6:$T$25,$U$6:$U$25),0)+COUNTIF(E$1:E$3,$W53) -> 0 | AB53: =_xlfn.IFNA(LOOKUP(F53,$T$6:$T$25,$U$6:$U$25),0)+COUNTIF(F$1:F$3,$W53) -> 0 | AC53: =_xlfn.IFNA(LOOKUP(G53,$T$6:$T$25,$U$6:$U$25),0)+COUNTIF(G$1:G$3,$W53) -> 0 | AD53: =_xlfn.IFNA(LOOKUP(H53,$T$6:$T$25,$U$6:$U$25),0)+COUNTIF(H$1:H$3,$W53) -> 0 | AE53: =_xlfn.IFNA(LOOKUP(I53,$T$6:$T$25,$U$6:$U$25),0)+COUNTIF(I$1:I$3,$W53) -> 0 | ... AK53: =_xlfn.IFNA(LOOKUP(O53,$T$6:$T$25,$U$6:$U$25),0)+COUNTIF(O$1:O$3,$W53) -> 0 | AL53: =SUM(X53:AK53) -> 20
A54: 52E-HKU-WONG | C54: 13 | W54: =A54 -> 52E-HKU-WONG | X54: =_xlfn.IFNA(LOOKUP(B54,$T$6:$T$25,$U$6:$U$25),0)+COUNTIF(B$1:B$3,$W54) -> 0 | Y54: =_xlfn.IFNA(LOOKUP(C54,$T$6:$T$25,$U$6:$U$25),0)+COUNTIF(C$1:C$3,$W54) -> 22 | Z54: =_xlfn.IFNA(LOOKUP(D54,$T$6:$T$25,$U$6:$U$25),0)+COUNTIF(D$1:D$3,$W54) -> 0 | AA54: =_xlfn.IFNA(LOOKUP(E54,$T$6:$T$25,$U$6:$U$25),0)+COUNTIF(E$1:E$3,$W54) -> 0 | AB54: =_xlfn.IFNA(LOOKUP(F54,$T$6:$T$25,$U$6:$U$25),0)+COUNTIF(F$1:F$3,$W54) -> 0 | AC54: =_xlfn.IFNA(LOOKUP(G54,$T$6:$T$25,$U$6:$U$25),0)+COUNTIF(G$1:G$3,$W54) -> 0 | AD54: =_xlfn.IFNA(LOOKUP(H54,$T$6:$T$25,$U$6:$U$25),0)+COUNTIF(H$1:H$3,$W54) -> 0 | AE54: =_xlfn.IFNA(LOOKUP(I54,$T$6:$T$25,$U$6:$U$25),0)+COUNTIF(I$1:I$3,$W54) -> 0 | ... AK54: =_xlfn.IFNA(LOOKUP(O54,$T$6:$T$25,$U$6:$U$25),0)+COUNTIF(O$1:O$3,$W54) -> 0 | AL54: =SUM(X54:AK54) -> 22
A55: 53F-PROT-PUCHYRSKI | B55: 7 | W55: =A55 -> 53F-PROT-PUCHYRSKI | X55: =_xlfn.IFNA(LOOKUP(B55,$T$6:$T$25,$U$6:$U$25),0)+COUNTIF(B$1:B$3,$W55) -> 34 | Y55: =_xlfn.IFNA(LOOKUP(C55,$T$6:$T$25,$U$6:$U$25),0)+COUNTIF(C$1:C$3,$W55) -> 0 | Z55: =_xlfn.IFNA(LOOKUP(D55,$T$6:$T$25,$U$6:$U$25),0)+COUNTIF(D$1:D$3,$W55) -> 0 | AA55: =_xlfn.IFNA(LOOKUP(E55,$T$6:$T$25,$U$6:$U$25),0)+COUNTIF(E$1:E$3,$W55) -> 0 | AB55: =_xlfn.IFNA(LOOKUP(F55,$T$6:$T$25,$U$6:$U$25),0)+COUNTIF(F$1:F$3,$W55) -> 0 | AC55: =_xlfn.IFNA(LOOKUP(G55,$T$6:$T$25,$U$6:$U$25),0)+COUNTIF(G$1:G$3,$W55) -> 0 | AD55: =_xlfn.IFNA(LOOKUP(H55,$T$6:$T$25,$U$6:$U$25),0)+COUNTIF(H$1:H$3,$W55) -> 0 | AE55: =_xlfn.IFNA(LOOKUP(I55,$T$6:$T$25,$U$6:$U$25),0)+COUNTIF(I$1:I$3,$W55) -> 0 | ... AK55: =_xlfn.IFNA(LOOKUP(O55,$T$6:$T$25,$U$6:$U$25),0)+COUNTIF(O$1:O$3,$W55) -> 0 | AL55: =SUM(X55:AK55) -> 34
A56: 9A-VIT-LOPEZ | E56: 15 | W56: =A56 -> 9A-VIT-LOPEZ | X56: =_xlfn.IFNA(LOOKUP(B56,$T$6:$T$25,$U$6:$U$25),0)+COUNTIF(B$1:B$3,$W56) -> 0 | Y56: =_xlfn.IFNA(LOOKUP(C56,$T$6:$T$25,$U$6:$U$25),0)+COUNTIF(C$1:C$3,$W56) -> 0 | Z56: =_xlfn.IFNA(LOOKUP(D56,$T$6:$T$25,$U$6:$U$25),0)+COUNTIF(D$1:D$3,$W56) -> 0 | AA56: =_xlfn.IFNA(LOOKUP(E56,$T$6:$T$25,$U$6:$U$25),0)+COUNTIF(E$1:E$3,$W56) -> 19 | AB56: =_xlfn.IFNA(LOOKUP(F56,$T$6:$T$25,$U$6:$U$25),0)+COUNTIF(F$1:F$3,$W56) -> 0 | AC56: =_xlfn.IFNA(LOOKUP(G56,$T$6:$T$25,$U$6:$U$25),0)+COUNTIF(G$1:G$3,$W56) -> 0 | AD56: =_xlfn.IFNA(LOOKUP(H56,$T$6:$T$25,$U$6:$U$25),0)+COUNTIF(H$1:H$3,$W56) -> 0 | AE56: =_xlfn.IFNA(LOOKUP(I56,$T$6:$T$25,$U$6:$U$25),0)+COUNTIF(I$1:I$3,$W56) -> 0 | ... AK56: =_xlfn.IFNA(LOOKUP(O56,$T$6:$T$25,$U$6:$U$25),0)+COUNTIF(O$1:O$3,$W56) -> 0 | AL56: =SUM(X56:AK56) -> 19
W57: =A57 -> 0 | X57: =_xlfn.IFNA(LOOKUP(B57,$T$6:$T$25,$U$6:$U$25),0)+COUNTIF(B$1:B$3,$W57) -> 0 | Y57: =_xlfn.IFNA(LOOKUP(C57,$T$6:$T$25,$U$6:$U$25),0)+COUNTIF(C$1:C$3,$W57) -> 0 | Z57: =_xlfn.IFNA(LOOKUP(D57,$T$6:$T$25,$U$6:$U$25),0)+COUNTIF(D$1:D$3,$W57) -> 0 | AA57: =_xlfn.IFNA(LOOKUP(E57,$T$6:$T$25,$U$6:$U$25),0)+COUNTIF(E$1:E$3,$W57) -> 0 | AB57: =_xlfn.IFNA(LOOKUP(F57,$T$6:$T$25,$U$6:$U$25),0)+COUNTIF(F$1:F$3,$W57) -> 0 | AC57: =_xlfn.IFNA(LOOKUP(G57,$T$6:$T$25,$U$6:$U$25),0)+COUNTIF(G$1:G$3,$W57) -> 0 | AD57: =_xlfn.IFNA(LOOKUP(H57,$T$6:$T$25,$U$6:$U$25),0)+COUNTIF(H$1:H$3,$W57) -> 0 | AE57: =_xlfn.IFNA(LOOKUP(I57,$T$6:$T$25,$U$6:$U$25),0)+COUNTIF(I$1:I$3,$W57) -> 0 | ... AK57: =_xlfn.IFNA(LOOKUP(O57,$T$6:$T$25,$U$6:$U$25),0)+COUNTIF(O$1:O$3,$W57) -> 0 | AL57: =SUM(X57:AK57) -> 0
W58: =A58 -> 0 | X58: =_xlfn.IFNA(LOOKUP(B58,$T$6:$T$25,$U$6:$U$25),0)+COUNTIF(B$1:B$3,$W58) -> 0 | Y58: =_xlfn.IFNA(LOOKUP(C58,$T$6:$T$25,$U$6:$U$25),0)+COUNTIF(C$1:C$3,$W58) -> 0 | Z58: =_xlfn.IFNA(LOOKUP(D58,$T$6:$T$25,$U$6:$U$25),0)+COUNTIF(D$1:D$3,$W58) -> 0 | AA58: =_xlfn.IFNA(LOOKUP(E58,$T$6:$T$25,$U$6:$U$25),0)+COUNTIF(E$1:E$3,$W58) -> 0 | AB58: =_xlfn.IFNA(LOOKUP(F58,$T$6:$T$25,$U$6:$U$25),0)+COUNTIF(F$1:F$3,$W58) -> 0 | AC58: =_xlfn.IFNA(LOOKUP(G58,$T$6:$T$25,$U$6:$U$25),0)+COUNTIF(G$1:G$3,$W58) -> 0 | AD58: =_xlfn.IFNA(LOOKUP(H58,$T$6:$T$25,$U$6:$U$25),0)+COUNTIF(H$1:H$3,$W58) -> 0 | AE58: =_xlfn.IFNA(LOOKUP(I58,$T$6:$T$25,$U$6:$U$25),0)+COUNTIF(I$1:I$3,$W58) -> 0 | ... AK58: =_xlfn.IFNA(LOOKUP(O58,$T$6:$T$25,$U$6:$U$25),0)+COUNTIF(O$1:O$3,$W58) -> 0 | AL58: =SUM(X58:AK58) -> 0
W59: =A59 -> 0 | X59: =_xlfn.IFNA(LOOKUP(B59,$T$6:$T$25,$U$6:$U$25),0)+COUNTIF(B$1:B$3,$W59) -> 0 | Y59: =_xlfn.IFNA(LOOKUP(C59,$T$6:$T$25,$U$6:$U$25),0)+COUNTIF(C$1:C$3,$W59) -> 0 | Z59: =_xlfn.IFNA(LOOKUP(D59,$T$6:$T$25,$U$6:$U$25),0)+COUNTIF(D$1:D$3,$W59) -> 0 | AA59: =_xlfn.IFNA(LOOKUP(E59,$T$6:$T$25,$U$6:$U$25),0)+COUNTIF(E$1:E$3,$W59) -> 0 | AB59: =_xlfn.IFNA(LOOKUP(F59,$T$6:$T$25,$U$6:$U$25),0)+COUNTIF(F$1:F$3,$W59) -> 0 | AC59: =_xlfn.IFNA(LOOKUP(G59,$T$6:$T$25,$U$6:$U$25),0)+COUNTIF(G$1:G$3,$W59) -> 0 | AD59: =_xlfn.IFNA(LOOKUP(H59,$T$6:$T$25,$U$6:$U$25),0)+COUNTIF(H$1:H$3,$W59) -> 0 | AE59: =_xlfn.IFNA(LOOKUP(I59,$T$6:$T$25,$U$6:$U$25),0)+COUNTIF(I$1:I$3,$W59) -> 0 | ... AK59: =_xlfn.IFNA(LOOKUP(O59,$T$6:$T$25,$U$6:$U$25),0)+COUNTIF(O$1:O$3,$W59) -> 0 | AL59: =SUM(X59:AK59) -> 0
W60: =A60 -> 0 | X60: =_xlfn.IFNA(LOOKUP(B60,$T$6:$T$25,$U$6:$U$25),0)+COUNTIF(B$1:B$3,$W60) -> 0 | Y60: =_xlfn.IFNA(LOOKUP(C60,$T$6:$T$25,$U$6:$U$25),0)+COUNTIF(C$1:C$3,$W60) -> 0 | Z60: =_xlfn.IFNA(LOOKUP(D60,$T$6:$T$25,$U$6:$U$25),0)+COUNTIF(D$1:D$3,$W60) -> 0 | AA60: =_xlfn.IFNA(LOOKUP(E60,$T$6:$T$25,$U$6:$U$25),0)+COUNTIF(E$1:E$3,$W60) -> 0 | AB60: =_xlfn.IFNA(LOOKUP(F60,$T$6:$T$25,$U$6:$U$25),0)+COUNTIF(F$1:F$3,$W60) -> 0 | AC60: =_xlfn.IFNA(LOOKUP(G60,$T$6:$T$25,$U$6:$U$25),0)+COUNTIF(G$1:G$3,$W60) -> 0 | AD60: =_xlfn.IFNA(LOOKUP(H60,$T$6:$T$25,$U$6:$U$25),0)+COUNTIF(H$1:H$3,$W60) -> 0 | AE60: =_xlfn.IFNA(LOOKUP(I60,$T$6:$T$25,$U$6:$U$25),0)+COUNTIF(I$1:I$3,$W60) -> 0 | ... AK60: =_xlfn.IFNA(LOOKUP(O60,$T$6:$T$25,$U$6:$U$25),0)+COUNTIF(O$1:O$3,$W60) -> 0 | AL60: =SUM(X60:AK60) -> 0
W61: =A61 -> 0 | X61: =_xlfn.IFNA(LOOKUP(B61,$T$6:$T$25,$U$6:$U$25),0)+COUNTIF(B$1:B$3,$W61) -> 0 | Y61: =_xlfn.IFNA(LOOKUP(C61,$T$6:$T$25,$U$6:$U$25),0)+COUNTIF(C$1:C$3,$W61) -> 0 | Z61: =_xlfn.IFNA(LOOKUP(D61,$T$6:$T$25,$U$6:$U$25),0)+COUNTIF(D$1:D$3,$W61) -> 0 | AA61: =_xlfn.IFNA(LOOKUP(E61,$T$6:$T$25,$U$6:$U$25),0)+COUNTIF(E$1:E$3,$W61) -> 0 | AB61: =_xlfn.IFNA(LOOKUP(F61,$T$6:$T$25,$U$6:$U$25),0)+COUNTIF(F$1:F$3,$W61) -> 0 | AC61: =_xlfn.IFNA(LOOKUP(G61,$T$6:$T$25,$U$6:$U$25),0)+COUNTIF(G$1:G$3,$W61) -> 0 | AD61: =_xlfn.IFNA(LOOKUP(H61,$T$6:$T$25,$U$6:$U$25),0)+COUNTIF(H$1:H$3,$W61) -> 0 | AE61: =_xlfn.IFNA(LOOKUP(I61,$T$6:$T$25,$U$6:$U$25),0)+COUNTIF(I$1:I$3,$W61) -> 0 | ... AK61: =_xlfn.IFNA(LOOKUP(O61,$T$6:$T$25,$U$6:$U$25),0)+COUNTIF(O$1:O$3,$W61) -> 0 | AL61: =SUM(X61:AK61) -> 0
W62: =A62 -> 0 | X62: =_xlfn.IFNA(LOOKUP(B62,$T$6:$T$25,$U$6:$U$25),0)+COUNTIF(B$1:B$3,$W62) -> 0 | Y62: =_xlfn.IFNA(LOOKUP(C62,$T$6:$T$25,$U$6:$U$25),0)+COUNTIF(C$1:C$3,$W62) -> 0 | Z62: =_xlfn.IFNA(LOOKUP(D62,$T$6:$T$25,$U$6:$U$25),0)+COUNTIF(D$1:D$3,$W62) -> 0 | AA62: =_xlfn.IFNA(LOOKUP(E62,$T$6:$T$25,$U$6:$U$25),0)+COUNTIF(E$1:E$3,$W62) -> 0 | AB62: =_xlfn.IFNA(LOOKUP(F62,$T$6:$T$25,$U$6:$U$25),0)+COUNTIF(F$1:F$3,$W62) -> 0 | AC62: =_xlfn.IFNA(LOOKUP(G62,$T$6:$T$25,$U$6:$U$25),0)+COUNTIF(G$1:G$3,$W62) -> 0 | AD62: =_xlfn.IFNA(LOOKUP(H62,$T$6:$T$25,$U$6:$U$25),0)+COUNTIF(H$1:H$3,$W62) -> 0 | AE62: =_xlfn.IFNA(LOOKUP(I62,$T$6:$T$25,$U$6:$U$25),0)+COUNTIF(I$1:I$3,$W62) -> 0 | ... AK62: =_xlfn.IFNA(LOOKUP(O62,$T$6:$T$25,$U$6:$U$25),0)+COUNTIF(O$1:O$3,$W62) -> 0 | AL62: =SUM(X62:AK62) -> 0
W63: =A63 -> 0 | X63: =_xlfn.IFNA(LOOKUP(B63,$T$6:$T$25,$U$6:$U$25),0)+COUNTIF(B$1:B$3,$W63) -> 0 | Y63: =_xlfn.IFNA(LOOKUP(C63,$T$6:$T$25,$U$6:$U$25),0)+COUNTIF(C$1:C$3,$W63) -> 0 | Z63: =_xlfn.IFNA(LOOKUP(D63,$T$6:$T$25,$U$6:$U$25),0)+COUNTIF(D$1:D$3,$W63) -> 0 | AA63: =_xlfn.IFNA(LOOKUP(E63,$T$6:$T$25,$U$6:$U$25),0)+COUNTIF(E$1:E$3,$W63) -> 0 | AB63: =_xlfn.IFNA(LOOKUP(F63,$T$6:$T$25,$U$6:$U$25),0)+COUNTIF(F$1:F$3,$W63) -> 0 | AC63: =_xlfn.IFNA(LOOKUP(G63,$T$6:$T$25,$U$6:$U$25),0)+COUNTIF(G$1:G$3,$W63) -> 0 | AD63: =_xlfn.IFNA(LOOKUP(H63,$T$6:$T$25,$U$6:$U$25),0)+COUNTIF(H$1:H$3,$W63) -> 0 | AE63: =_xlfn.IFNA(LOOKUP(I63,$T$6:$T$25,$U$6:$U$25),0)+COUNTIF(I$1:I$3,$W63) -> 0 | ... AK63: =_xlfn.IFNA(LOOKUP(O63,$T$6:$T$25,$U$6:$U$25),0)+COUNTIF(O$1:O$3,$W63) -> 0 | AL63: =SUM(X63:AK63) -> 0
W64: =A64 -> 0 | X64: =_xlfn.IFNA(LOOKUP(B64,$T$6:$T$25,$U$6:$U$25),0)+COUNTIF(B$1:B$3,$W64) -> 0 | Y64: =_xlfn.IFNA(LOOKUP(C64,$T$6:$T$25,$U$6:$U$25),0)+COUNTIF(C$1:C$3,$W64) -> 0 | Z64: =_xlfn.IFNA(LOOKUP(D64,$T$6:$T$25,$U$6:$U$25),0)+COUNTIF(D$1:D$3,$W64) -> 0 | AA64: =_xlfn.IFNA(LOOKUP(E64,$T$6:$T$25,$U$6:$U$25),0)+COUNTIF(E$1:E$3,$W64) -> 0 | AB64: =_xlfn.IFNA(LOOKUP(F64,$T$6:$T$25,$U$6:$U$25),0)+COUNTIF(F$1:F$3,$W64) -> 0 | AC64: =_xlfn.IFNA(LOOKUP(G64,$T$6:$T$25,$U$6:$U$25),0)+COUNTIF(G$1:G$3,$W64) -> 0 | AD64: =_xlfn.IFNA(LOOKUP(H64,$T$6:$T$25,$U$6:$U$25),0)+COUNTIF(H$1:H$3,$W64) -> 0 | AE64: =_xlfn.IFNA(LOOKUP(I64,$T$6:$T$25,$U$6:$U$25),0)+COUNTIF(I$1:I$3,$W64) -> 0 | ... AK64: =_xlfn.IFNA(LOOKUP(O64,$T$6:$T$25,$U$6:$U$25),0)+COUNTIF(O$1:O$3,$W64) -> 0 | AL64: =SUM(X64:AK64) -> 0
W65: =A65 -> 0 | X65: =_xlfn.IFNA(LOOKUP(B65,$T$6:$T$25,$U$6:$U$25),0)+COUNTIF(B$1:B$3,$W65) -> 0 | Y65: =_xlfn.IFNA(LOOKUP(C65,$T$6:$T$25,$U$6:$U$25),0)+COUNTIF(C$1:C$3,$W65) -> 0 | Z65: =_xlfn.IFNA(LOOKUP(D65,$T$6:$T$25,$U$6:$U$25),0)+COUNTIF(D$1:D$3,$W65) -> 0 | AA65: =_xlfn.IFNA(LOOKUP(E65,$T$6:$T$25,$U$6:$U$25),0)+COUNTIF(E$1:E$3,$W65) -> 0 | AB65: =_xlfn.IFNA(LOOKUP(F65,$T$6:$T$25,$U$6:$U$25),0)+COUNTIF(F$1:F$3,$W65) -> 0 | AC65: =_xlfn.IFNA(LOOKUP(G65,$T$6:$T$25,$U$6:$U$25),0)+COUNTIF(G$1:G$3,$W65) -> 0 | AD65: =_xlfn.IFNA(LOOKUP(H65,$T$6:$T$25,$U$6:$U$25),0)+COUNTIF(H$1:H$3,$W65) -> 0 | AE65: =_xlfn.IFNA(LOOKUP(I65,$T$6:$T$25,$U$6:$U$25),0)+COUNTIF(I$1:I$3,$W65) -> 0 | ... AK65: =_xlfn.IFNA(LOOKUP(O65,$T$6:$T$25,$U$6:$U$25),0)+COUNTIF(O$1:O$3,$W65) -> 0 | AL65: =SUM(X65:AK65) -> 0
W66: =A66 -> 0 | X66: =_xlfn.IFNA(LOOKUP(B66,$T$6:$T$25,$U$6:$U$25),0)+COUNTIF(B$1:B$3,$W66) -> 0 | Y66: =_xlfn.IFNA(LOOKUP(C66,$T$6:$T$25,$U$6:$U$25),0)+COUNTIF(C$1:C$3,$W66) -> 0 | Z66: =_xlfn.IFNA(LOOKUP(D66,$T$6:$T$25,$U$6:$U$25),0)+COUNTIF(D$1:D$3,$W66) -> 0 | AA66: =_xlfn.IFNA(LOOKUP(E66,$T$6:$T$25,$U$6:$U$25),0)+COUNTIF(E$1:E$3,$W66) -> 0 | AB66: =_xlfn.IFNA(LOOKUP(F66,$T$6:$T$25,$U$6:$U$25),0)+COUNTIF(F$1:F$3,$W66) -> 0 | AC66: =_xlfn.IFNA(LOOKUP(G66,$T$6:$T$25,$U$6:$U$25),0)+COUNTIF(G$1:G$3,$W66) -> 0 | AD66: =_xlfn.IFNA(LOOKUP(H66,$T$6:$T$25,$U$6:$U$25),0)+COUNTIF(H$1:H$3,$W66) -> 0 | AE66: =_xlfn.IFNA(LOOKUP(I66,$T$6:$T$25,$U$6:$U$25),0)+COUNTIF(I$1:I$3,$W66) -> 0 | ... AK66: =_xlfn.IFNA(LOOKUP(O66,$T$6:$T$25,$U$6:$U$25),0)+COUNTIF(O$1:O$3,$W66) -> 0 | AL66: =SUM(X66:AK66) -> 0
W67: =A67 -> 0 | X67: =_xlfn.IFNA(LOOKUP(B67,$T$6:$T$25,$U$6:$U$25),0)+COUNTIF(B$1:B$3,$W67) -> 0 | Y67: =_xlfn.IFNA(LOOKUP(C67,$T$6:$T$25,$U$6:$U$25),0)+COUNTIF(C$1:C$3,$W67) -> 0 | Z67: =_xlfn.IFNA(LOOKUP(D67,$T$6:$T$25,$U$6:$U$25),0)+COUNTIF(D$1:D$3,$W67) -> 0 | AA67: =_xlfn.IFNA(LOOKUP(E67,$T$6:$T$25,$U$6:$U$25),0)+COUNTIF(E$1:E$3,$W67) -> 0 | AB67: =_xlfn.IFNA(LOOKUP(F67,$T$6:$T$25,$U$6:$U$25),0)+COUNTIF(F$1:F$3,$W67) -> 0 | AC67: =_xlfn.IFNA(LOOKUP(G67,$T$6:$T$25,$U$6:$U$25),0)+COUNTIF(G$1:G$3,$W67) -> 0 | AD67: =_xlfn.IFNA(LOOKUP(H67,$T$6:$T$25,$U$6:$U$25),0)+COUNTIF(H$1:H$3,$W67) -> 0 | AE67: =_xlfn.IFNA(LOOKUP(I67,$T$6:$T$25,$U$6:$U$25),0)+COUNTIF(I$1:I$3,$W67) -> 0 | ... AK67: =_xlfn.IFNA(LOOKUP(O67,$T$6:$T$25,$U$6:$U$25),0)+COUNTIF(O$1:O$3,$W67) -> 0 | AL67: =SUM(X67:AK67) -> 0
W68: =A68 -> 0 | X68: =_xlfn.IFNA(LOOKUP(B68,$T$6:$T$25,$U$6:$U$25),0)+COUNTIF(B$1:B$3,$W68) -> 0 | Y68: =_xlfn.IFNA(LOOKUP(C68,$T$6:$T$25,$U$6:$U$25),0)+COUNTIF(C$1:C$3,$W68) -> 0 | Z68: =_xlfn.IFNA(LOOKUP(D68,$T$6:$T$25,$U$6:$U$25),0)+COUNTIF(D$1:D$3,$W68) -> 0 | AA68: =_xlfn.IFNA(LOOKUP(E68,$T$6:$T$25,$U$6:$U$25),0)+COUNTIF(E$1:E$3,$W68) -> 0 | AB68: =_xlfn.IFNA(LOOKUP(F68,$T$6:$T$25,$U$6:$U$25),0)+COUNTIF(F$1:F$3,$W68) -> 0 | AC68: =_xlfn.IFNA(LOOKUP(G68,$T$6:$T$25,$U$6:$U$25),0)+COUNTIF(G$1:G$3,$W68) -> 0 | AD68: =_xlfn.IFNA(LOOKUP(H68,$T$6:$T$25,$U$6:$U$25),0)+COUNTIF(H$1:H$3,$W68) -> 0 | AE68: =_xlfn.IFNA(LOOKUP(I68,$T$6:$T$25,$U$6:$U$25),0)+COUNTIF(I$1:I$3,$W68) -> 0 | ... AK68: =_xlfn.IFNA(LOOKUP(O68,$T$6:$T$25,$U$6:$U$25),0)+COUNTIF(O$1:O$3,$W68) -> 0 | AL68: =SUM(X68:AK68) -> 0
... W167: =A167 -> 0 | X167: =_xlfn.IFNA(LOOKUP(B167,$T$6:$T$25,$U$6:$U$25),0)+COUNTIF(B$1:B$3,$W167) -> 0 | Y167: =_xlfn.IFNA(LOOKUP(C167,$T$6:$T$25,$U$6:$U$25),0)+COUNTIF(C$1:C$3,$W167) -> 0 | Z167: =_xlfn.IFNA(LOOKUP(D167,$T$6:$T$25,$U$6:$U$25),0)+COUNTIF(D$1:D$3,$W167) -> 0 | AA167: =_xlfn.IFNA(LOOKUP(E167,$T$6:$T$25,$U$6:$U$25),0)+COUNTIF(E$1:E$3,$W167) -> 0 | AB167: =_xlfn.IFNA(LOOKUP(F167,$T$6:$T$25,$U$6:$U$25),0)+COUNTIF(F$1:F$3,$W167) -> 0 | AC167: =_xlfn.IFNA(LOOKUP(G167,$T$6:$T$25,$U$6:$U$25),0)+COUNTIF(G$1:G$3,$W167) -> 0 | AD167: =_xlfn.IFNA(LOOKUP(H167,$T$6:$T$25,$U$6:$U$25),0)+COUNTIF(H$1:H$3,$W167) -> 0 | AE167: =_xlfn.IFNA(LOOKUP(I167,$T$6:$T$25,$U$6:$U$25),0)+COUNTIF(I$1:I$3,$W167) -> 0 | ... AK167: =_xlfn.IFNA(LOOKUP(O167,$T$6:$T$25,$U$6:$U$25),0)+COUNTIF(O$1:O$3,$W167) -> 0 | AL167: =SUM(X167:AK167) -> 0
W168: =A168 -> 0 | AL168: =SUM(X168:AK168) -> 0
AL169: =SUM(X169:AK169) -> 0

Sheet Mid
A1: Pole Position | B1: 19B-YORKA-SHAMSUL | C1: 37B-POLYU-LIU | D1: 40A-VIGO-COSTAS | E1: 18A-FSTN-O’DONNELL
A2: Fastest Lap | B2: 15A-LASS-TAGESTANIAN | C2: 18A-FSTN-O’DONNELL | D2: 10C-ION-PIHL | E2: 05C-UWTSD-GRIFFITHS
A3: Highest Climber | B3: 27C-HERTS-ULATE | C3: 36C-MTU-CLOGAN | D3: 24C-UPRE-BENNETT-SANTAMARIA | E3: 28A-QBEL-KEOWN | X3: =SUM(X5:X167) -> 169 | Y3: =SUM(Y5:Y167) -> 169 | Z3: =SUM(Z5:Z167) -> 169 | AA3: =SUM(AA5:AA167) -> 169
A4: Driver | B4: R1A | C4: R1B | D4: R2A | E4: R2B | F4: R3A | G4: R3B | H4: R4A | I4: R4B | J4: R5A | K4: R5B | L4: R6A | M4: R6B | N4: R7A | O4: R7B | W4: Driver | X4: R1A | Y4: R1B | Z4: R2A | AA4: R2B | AB4: R3A | AC4: R3B | AD4: R4A | AE4: R4B | AF4: R5A | AG4: R5B | AH4: R6A | AI4: R6B | AJ4: R7A | AK4: R7B | AL4: TOTAL
A5: 05A-UWTSD-GREENHILL-UPWARD | B5: 5 | T5: Position | U5: Top | W5: =A5 -> 05A-UWTSD-GREENHILL-UPWARD | X5: =_xlfn.IFNA(LOOKUP(B5,$T$6:$T$25,$U$6:$U$25),0)+COUNTIF(B$1:B$3,$W5) -> 16 | Y5: =_xlfn.IFNA(LOOKUP(C5,$T$6:$T$25,$U$6:$U$25),0)+COUNTIF(C$1:C$3,$W5) -> 0 | Z5: =_xlfn.IFNA(LOOKUP(D5,$T$6:$T$25,$U$6:$U$25),0)+COUNTIF(D$1:D$3,$W5) -> 0 | AA5: =_xlfn.IFNA(LOOKUP(E5,$T$6:$T$25,$U$6:$U$25),0)+COUNTIF(E$1:E$3,$W5) -> 0 | AB5: =_xlfn.IFNA(LOOKUP(F5,$T$6:$T$25,$U$6:$U$25),0)+COUNTIF(F$1:F$3,$W5) -> 0 | AC5: =_xlfn.IFNA(LOOKUP(G5,$T$6:$T$25,$U$6:$U$25),0)+COUNTIF(G$1:G$3,$W5) -> 0 | AD5: =_xlfn.IFNA(LOOKUP(H5,$T$6:$T$25,$U$6:$U$25),0)+COUNTIF(H$1:H$3,$W5) -> 0 | AE5: =_xlfn.IFNA(LOOKUP(I5,$T$6:$T$25,$U$6:$U$25),0)+COUNTIF(I$1:I$3,$W5) -> 0 | ... AK5: =_xlfn.IFNA(LOOKUP(O5,$T$6:$T$25,$U$6:$U$25),0)+COUNTIF(O$1:O$3,$W5) -> 0 | AL5: =SUM(X5:AK5) -> 16
A6: 05C-UWTSD-GRIFFITHS | E6: 10 | T6: 1 | U6: 25 | W6: =A6 -> 05C-UWTSD-GRIFFITHS | X6: =_xlfn.IFNA(LOOKUP(B6,$T$6:$T$25,$U$6:$U$25),0)+COUNTIF(B$1:B$3,$W6) -> 0 | Y6: =_xlfn.IFNA(LOOKUP(C6,$T$6:$T$25,$U$6:$U$25),0)+COUNTIF(C$1:C$3,$W6) -> 0 | Z6: =_xlfn.IFNA(LOOKUP(D6,$T$6:$T$25,$U$6:$U$25),0)+COUNTIF(D$1:D$3,$W6) -> 0 | AA6: =_xlfn.IFNA(LOOKUP(E6,$T$6:$T$25,$U$6:$U$25),0)+COUNTIF(E$1:E$3,$W6) -> 7 | AB6: =_xlfn.IFNA(LOOKUP(F6,$T$6:$T$25,$U$6:$U$25),0)+COUNTIF(F$1:F$3,$W6) -> 0 | AC6: =_xlfn.IFNA(LOOKUP(G6,$T$6:$T$25,$U$6:$U$25),0)+COUNTIF(G$1:G$3,$W6) -> 0 | AD6: =_xlfn.IFNA(LOOKUP(H6,$T$6:$T$25,$U$6:$U$25),0)+COUNTIF(H$1:H$3,$W6) -> 0 | AE6: =_xlfn.IFNA(LOOKUP(I6,$T$6:$T$25,$U$6:$U$25),0)+COUNTIF(I$1:I$3,$W6) -> 0 | ... AK6: =_xlfn.IFNA(LOOKUP(O6,$T$6:$T$25,$U$6:$U$25),0)+COUNTIF(O$1:O$3,$W6) -> 0 | AL6: =SUM(X6:AK6) -> 7
A7: 06B-SALF-ARMSTRONG | C7: 1 | T7: 2 | U7: 22 | W7: =A7 -> 06B-SALF-ARMSTRONG | X7: =_xlfn.IFNA(LOOKUP(B7,$T$6:$T$25,$U$6:$U$25),0)+COUNTIF(B$1:B$3,$W7) -> 0 | Y7: =_xlfn.IFNA(LOOKUP(C7,$T$6:$T$25,$U$6:$U$25),0)+COUNTIF(C$1:C$3,$W7) -> 25 | Z7: =_xlfn.IFNA(LOOKUP(D7,$T$6:$T$25,$U$6:$U$25),0)+COUNTIF(D$1:D$3,$W7) -> 0 | AA7: =_xlfn.IFNA(LOOKUP(E7,$T$6:$T$25,$U$6:$U$25),0)+COUNTIF(E$1:E$3,$W7) -> 0 | AB7: =_xlfn.IFNA(LOOKUP(F7,$T$6:$T$25,$U$6:$U$25),0)+COUNTIF(F$1:F$3,$W7) -> 0 | AC7: =_xlfn.IFNA(LOOKUP(G7,$T$6:$T$25,$U$6:$U$25),0)+COUNTIF(G$1:G$3,$W7) -> 0 | AD7: =_xlfn.IFNA(LOOKUP(H7,$T$6:$T$25,$U$6:$U$25),0)+COUNTIF(H$1:H$3,$W7) -> 0 | AE7: =_xlfn.IFNA(LOOKUP(I7,$T$6:$T$25,$U$6:$U$25),0)+COUNTIF(I$1:I$3,$W7) -> 0 | ... AK7: =_xlfn.IFNA(LOOKUP(O7,$T$6:$T$25,$U$6:$U$25),0)+COUNTIF(O$1:O$3,$W7) -> 0 | AL7: =SUM(X7:AK7) -> 25
A8: 07B-USM-SMITH | C8: 3 | T8: 3 | U8: 20 | W8: =A8 -> 07B-USM-SMITH | X8: =_xlfn.IFNA(LOOKUP(B8,$T$6:$T$25,$U$6:$U$25),0)+COUNTIF(B$1:B$3,$W8) -> 0 | Y8: =_xlfn.IFNA(LOOKUP(C8,$T$6:$T$25,$U$6:$U$25),0)+COUNTIF(C$1:C$3,$W8) -> 20 | Z8: =_xlfn.IFNA(LOOKUP(D8,$T$6:$T$25,$U$6:$U$25),0)+COUNTIF(D$1:D$3,$W8) -> 0 | AA8: =_xlfn.IFNA(LOOKUP(E8,$T$6:$T$25,$U$6:$U$25),0)+COUNTIF(E$1:E$3,$W8) -> 0 | AB8: =_xlfn.IFNA(LOOKUP(F8,$T$6:$T$25,$U$6:$U$25),0)+COUNTIF(F$1:F$3,$W8) -> 0 | AC8: =_xlfn.IFNA(LOOKUP(G8,$T$6:$T$25,$U$6:$U$25),0)+COUNTIF(G$1:G$3,$W8) -> 0 | AD8: =_xlfn.IFNA(LOOKUP(H8,$T$6:$T$25,$U$6:$U$25),0)+COUNTIF(H$1:H$3,$W8) -> 0 | AE8: =_xlfn.IFNA(LOOKUP(I8,$T$6:$T$25,$U$6:$U$25),0)+COUNTIF(I$1:I$3,$W8) -> 0 | ... AK8: =_xlfn.IFNA(LOOKUP(O8,$T$6:$T$25,$U$6:$U$25),0)+COUNTIF(O$1:O$3,$W8) -> 0 | AL8: =SUM(X8:AK8) -> 20
A9: 07D-USM-MACFARLANE | B9: 2 | T9: 4 | U9: 18 | W9: =A9 -> 07D-USM-MACFARLANE | X9: =_xlfn.IFNA(LOOKUP(B9,$T$6:$T$25,$U$6:$U$25),0)+COUNTIF(B$1:B$3,$W9) -> 22 | Y9: =_xlfn.IFNA(LOOKUP(C9,$T$6:$T$25,$U$6:$U$25),0)+COUNTIF(C$1:C$3,$W9) -> 0 | Z9: =_xlfn.IFNA(LOOKUP(D9,$T$6:$T$25,$U$6:$U$25),0)+COUNTIF(D$1:D$3,$W9) -> 0 | AA9: =_xlfn.IFNA(LOOKUP(E9,$T$6:$T$25,$U$6:$U$25),0)+COUNTIF(E$1:E$3,$W9) -> 0 | AB9: =_xlfn.IFNA(LOOKUP(F9,$T$6:$T$25,$U$6:$U$25),0)+COUNTIF(F$1:F$3,$W9) -> 0 | AC9: =_xlfn.IFNA(LOOKUP(G9,$T$6:$T$25,$U$6:$U$25),0)+COUNTIF(G$1:G$3,$W9) -> 0 | AD9: =_xlfn.IFNA(LOOKUP(H9,$T$6:$T$25,$U$6:$U$25),0)+COUNTIF(H$1:H$3,$W9) -> 0 | AE9: =_xlfn.IFNA(LOOKUP(I9,$T$6:$T$25,$U$6:$U$25),0)+COUNTIF(I$1:I$3,$W9) -> 0 | ... AK9: =_xlfn.IFNA(LOOKUP(O9,$T$6:$T$25,$U$6:$U$25),0)+COUNTIF(O$1:O$3,$W9) -> 0 | AL9: =SUM(X9:AK9) -> 22
A10: 09A-VIT-LOPEZ | C10: 6 | T10: 5 | U10: 16 | W10: =A10 -> 09A-VIT-LOPEZ | X10: =_xlfn.IFNA(LOOKUP(B10,$T$6:$T$25,$U$6:$U$25),0)+COUNTIF(B$1:B$3,$W10) -> 0 | Y10: =_xlfn.IFNA(LOOKUP(C10,$T$6:$T$25,$U$6:$U$25),0)+COUNTIF(C$1:C$3,$W10) -> 14 | Z10: =_xlfn.IFNA(LOOKUP(D10,$T$6:$T$25,$U$6:$U$25),0)+COUNTIF(D$1:D$3,$W10) -> 0 | AA10: =_xlfn.IFNA(LOOKUP(E10,$T$6:$T$25,$U$6:$U$25),0)+COUNTIF(E$1:E$3,$W10) -> 0 | AB10: =_xlfn.IFNA(LOOKUP(F10,$T$6:$T$25,$U$6:$U$25),0)+COUNTIF(F$1:F$3,$W10) -> 0 | AC10: =_xlfn.IFNA(LOOKUP(G10,$T$6:$T$25,$U$6:$U$25),0)+COUNTIF(G$1:G$3,$W10) -> 0 | AD10: =_xlfn.IFNA(LOOKUP(H10,$T$6:$T$25,$U$6:$U$25),0)+COUNTIF(H$1:H$3,$W10) -> 0 | AE10: =_xlfn.IFNA(LOOKUP(I10,$T$6:$T$25,$U$6:$U$25),0)+COUNTIF(I$1:I$3,$W10) -> 0 | ... AK10: =_xlfn.IFNA(LOOKUP(O10,$T$6:$T$25,$U$6:$U$25),0)+COUNTIF(O$1:O$3,$W10) -> 0 | AL10: =SUM(X10:AK10) -> 14
A11: 09D-VIT-MEDIAVILLA | B11: 9 | T11: 6 | U11: 14 | W11: =A11 -> 09D-VIT-MEDIAVILLA | X11: =_xlfn.IFNA(LOOKUP(B11,$T$6:$T$25,$U$6:$U$25),0)+COUNTIF(B$1:B$3,$W11) -> 8 | Y11: =_xlfn.IFNA(LOOKUP(C11,$T$6:$T$25,$U$6:$U$25),0)+COUNTIF(C$1:C$3,$W11) -> 0 | Z11: =_xlfn.IFNA(LOOKUP(D11,$T$6:$T$25,$U$6:$U$25),0)+COUNTIF(D$1:D$3,$W11) -> 0 | AA11: =_xlfn.IFNA(LOOKUP(E11,$T$6:$T$25,$U$6:$U$25),0)+COUNTIF(E$1:E$3,$W11) -> 0 | AB11: =_xlfn.IFNA(LOOKUP(F11,$T$6:$T$25,$U$6:$U$25),0)+COUNTIF(F$1:F$3,$W11) -> 0 | AC11: =_xlfn.IFNA(LOOKUP(G11,$T$6:$T$25,$U$6:$U$25),0)+COUNTIF(G$1:G$3,$W11) -> 0 | AD11: =_xlfn.IFNA(LOOKUP(H11,$T$6:$T$25,$U$6:$U$25),0)+COUNTIF(H$1:H$3,$W11) -> 0 | AE11: =_xlfn.IFNA(LOOKUP(I11,$T$6:$T$25,$U$6:$U$25),0)+COUNTIF(I$1:I$3,$W11) -> 0 | ... AK11: =_xlfn.IFNA(LOOKUP(O11,$T$6:$T$25,$U$6:$U$25),0)+COUNTIF(O$1:O$3,$W11) -> 0 | AL11: =SUM(X11:AK11) -> 8
A12: 10C-ION-PIHL | D12: 8 | T12: 7 | U12: 12 | W12: =A12 -> 10C-ION-PIHL | X12: =_xlfn.IFNA(LOOKUP(B12,$T$6:$T$25,$U$6:$U$25),0)+COUNTIF(B$1:B$3,$W12) -> 0 | Y12: =_xlfn.IFNA(LOOKUP(C12,$T$6:$T$25,$U$6:$U$25),0)+COUNTIF(C$1:C$3,$W12) -> 0 | Z12: =_xlfn.IFNA(LOOKUP(D12,$T$6:$T$25,$U$6:$U$25),0)+COUNTIF(D$1:D$3,$W12) -> 11 | AA12: =_xlfn.IFNA(LOOKUP(E12,$T$6:$T$25,$U$6:$U$25),0)+COUNTIF(E$1:E$3,$W12) -> 0 | AB12: =_xlfn.IFNA(LOOKUP(F12,$T$6:$T$25,$U$6:$U$25),0)+COUNTIF(F$1:F$3,$W12) -> 0 | AC12: =_xlfn.IFNA(LOOKUP(G12,$T$6:$T$25,$U$6:$U$25),0)+COUNTIF(G$1:G$3,$W12) -> 0 | AD12: =_xlfn.IFNA(LOOKUP(H12,$T$6:$T$25,$U$6:$U$25),0)+COUNTIF(H$1:H$3,$W12) -> 0 | AE12: =_xlfn.IFNA(LOOKUP(I12,$T$6:$T$25,$U$6:$U$25),0)+COUNTIF(I$1:I$3,$W12) -> 0 | ... AK12: =_xlfn.IFNA(LOOKUP(O12,$T$6:$T$25,$U$6:$U$25),0)+COUNTIF(O$1:O$3,$W12) -> 0 | AL12: =SUM(X12:AK12) -> 11
A13: 11A-CAMA-SHOAIB | B13: 7 | T13: 8 | U13: 10 | W13: =A13 -> 11A-CAMA-SHOAIB | X13: =_xlfn.IFNA(LOOKUP(B13,$T$6:$T$25,$U$6:$U$25),0)+COUNTIF(B$1:B$3,$W13) -> 12 | Y13: =_xlfn.IFNA(LOOKUP(C13,$T$6:$T$25,$U$6:$U$25),0)+COUNTIF(C$1:C$3,$W13) -> 0 | Z13: =_xlfn.IFNA(LOOKUP(D13,$T$6:$T$25,$U$6:$U$25),0)+COUNTIF(D$1:D$3,$W13) -> 0 | AA13: =_xlfn.IFNA(LOOKUP(E13,$T$6:$T$25,$U$6:$U$25),0)+COUNTIF(E$1:E$3,$W13) -> 0 | AB13: =_xlfn.IFNA(LOOKUP(F13,$T$6:$T$25,$U$6:$U$25),0)+COUNTIF(F$1:F$3,$W13) -> 0 | AC13: =_xlfn.IFNA(LOOKUP(G13,$T$6:$T$25,$U$6:$U$25),0)+COUNTIF(G$1:G$3,$W13) -> 0 | AD13: =_xlfn.IFNA(LOOKUP(H13,$T$6:$T$25,$U$6:$U$25),0)+COUNTIF(H$1:H$3,$W13) -> 0 | AE13: =_xlfn.IFNA(LOOKUP(I13,$T$6:$T$25,$U$6:$U$25),0)+COUNTIF(I$1:I$3,$W13) -> 0 | ... AK13: =_xlfn.IFNA(LOOKUP(O13,$T$6:$T$25,$U$6:$U$25),0)+COUNTIF(O$1:O$3,$W13) -> 0 | AL13: =SUM(X13:AK13) -> 12
A14: 12B-KING-WILSON-WILLIAMS | B14: 15 | C14: 18 | T14: 9 | U14: 8 | W14: =A14 -> 12B-KING-WILSON-WILLIAMS | X14: =_xlfn.IFNA(LOOKUP(B14,$T$6:$T$25,$U$6:$U$25),0)+COUNTIF(B$1:B$3,$W14) -> 1 | Y14: =_xlfn.IFNA(LOOKUP(C14,$T$6:$T$25,$U$6:$U$25),0)+COUNTIF(C$1:C$3,$W14) -> 0 | Z14: =_xlfn.IFNA(LOOKUP(D14,$T$6:$T$25,$U$6:$U$25),0)+COUNTIF(D$1:D$3,$W14) -> 0 | AA14: =_xlfn.IFNA(LOOKUP(E14,$T$6:$T$25,$U$6:$U$25),0)+COUNTIF(E$1:E$3,$W14) -> 0 | AB14: =_xlfn.IFNA(LOOKUP(F14,$T$6:$T$25,$U$6:$U$25),0)+COUNTIF(F$1:F$3,$W14) -> 0 | AC14: =_xlfn.IFNA(LOOKUP(G14,$T$6:$T$25,$U$6:$U$25),0)+COUNTIF(G$1:G$3,$W14) -> 0 | AD14: =_xlfn.IFNA(LOOKUP(H14,$T$6:$T$25,$U$6:$U$25),0)+COUNTIF(H$1:H$3,$W14) -> 0 | AE14: =_xlfn.IFNA(LOOKUP(I14,$T$6:$T$25,$U$6:$U$25),0)+COUNTIF(I$1:I$3,$W14) -> 0 | ... AK14: =_xlfn.IFNA(LOOKUP(O14,$T$6:$T$25,$U$6:$U$25),0)+COUNTIF(O$1:O$3,$W14) -> 0 | AL14: =SUM(X14:AK14) -> 1
A15: 14E-TAU-LACK | B15: 11 | T15: 10 | U15: 6 | W15: =A15 -> 14E-TAU-LACK | X15: =_xlfn.IFNA(LOOKUP(B15,$T$6:$T$25,$U$6:$U$25),0)+COUNTIF(B$1:B$3,$W15) -> 5 | Y15: =_xlfn.IFNA(LOOKUP(C15,$T$6:$T$25,$U$6:$U$25),0)+COUNTIF(C$1:C$3,$W15) -> 0 | Z15: =_xlfn.IFNA(LOOKUP(D15,$T$6:$T$25,$U$6:$U$25),0)+COUNTIF(D$1:D$3,$W15) -> 0 | AA15: =_xlfn.IFNA(LOOKUP(E15,$T$6:$T$25,$U$6:$U$25),0)+COUNTIF(E$1:E$3,$W15) -> 0 | AB15: =_xlfn.IFNA(LOOKUP(F15,$T$6:$T$25,$U$6:$U$25),0)+COUNTIF(F$1:F$3,$W15) -> 0 | AC15: =_xlfn.IFNA(LOOKUP(G15,$T$6:$T$25,$U$6:$U$25),0)+COUNTIF(G$1:G$3,$W15) -> 0 | AD15: =_xlfn.IFNA(LOOKUP(H15,$T$6:$T$25,$U$6:$U$25),0)+COUNTIF(H$1:H$3,$W15) -> 0 | AE15: =_xlfn.IFNA(LOOKUP(I15,$T$6:$T$25,$U$6:$U$25),0)+COUNTIF(I$1:I$3,$W15) -> 0 | ... AK15: =_xlfn.IFNA(LOOKUP(O15,$T$6:$T$25,$U$6:$U$25),0)+COUNTIF(O$1:O$3,$W15) -> 0 | AL15: =SUM(X15:AK15) -> 5
A16: 15A-LASS-TAGESTANIAN | B16: 12 | T16: 11 | U16: 5 | W16: =A16 -> 15A-LASS-TAGESTANIAN | X16: =_xlfn.IFNA(LOOKUP(B16,$T$6:$T$25,$U$6:$U$25),0)+COUNTIF(B$1:B$3,$W16) -> 5 | Y16: =_xlfn.IFNA(LOOKUP(C16,$T$6:$T$25,$U$6:$U$25),0)+COUNTIF(C$1:C$3,$W16) -> 0 | Z16: =_xlfn.IFNA(LOOKUP(D16,$T$6:$T$25,$U$6:$U$25),0)+COUNTIF(D$1:D$3,$W16) -> 0 | AA16: =_xlfn.IFNA(LOOKUP(E16,$T$6:$T$25,$U$6:$U$25),0)+COUNTIF(E$1:E$3,$W16) -> 0 | AB16: =_xlfn.IFNA(LOOKUP(F16,$T$6:$T$25,$U$6:$U$25),0)+COUNTIF(F$1:F$3,$W16) -> 0 | AC16: =_xlfn.IFNA(LOOKUP(G16,$T$6:$T$25,$U$6:$U$25),0)+COUNTIF(G$1:G$3,$W16) -> 0 | AD16: =_xlfn.IFNA(LOOKUP(H16,$T$6:$T$25,$U$6:$U$25),0)+COUNTIF(H$1:H$3,$W16) -> 0 | AE16: =_xlfn.IFNA(LOOKUP(I16,$T$6:$T$25,$U$6:$U$25),0)+COUNTIF(I$1:I$3,$W16) -> 0 | ... AK16: =_xlfn.IFNA(LOOKUP(O16,$T$6:$T$25,$U$6:$U$25),0)+COUNTIF(O$1:O$3,$W16) -> 0 | AL16: =SUM(X16:AK16) -> 5
A17: 16A-MAN-ROZEE | C17: 11 | D17: 6 | T17: 12 | U17: 4 | W17: =A17 -> 16A-MAN-ROZEE | X17: =_xlfn.IFNA(LOOKUP(B17,$T$6:$T$25,$U$6:$U$25),0)+COUNTIF(B$1:B$3,$W17) -> 0 | Y17: =_xlfn.IFNA(LOOKUP(C17,$T$6:$T$25,$U$6:$U$25),0)+COUNTIF(C$1:C$3,$W17) -> 5 | Z17: =_xlfn.IFNA(LOOKUP(D17,$T$6:$T$25,$U$6:$U$25),0)+COUNTIF(D$1:D$3,$W17) -> 14 | AA17: =_xlfn.IFNA(LOOKUP(E17,$T$6:$T$25,$U$6:$U$25),0)+COUNTIF(E$1:E$3,$W17) -> 0 | AB17: =_xlfn.IFNA(LOOKUP(F17,$T$6:$T$25,$U$6:$U$25),0)+COUNTIF(F$1:F$3,$W17) -> 0 | AC17: =_xlfn.IFNA(LOOKUP(G17,$T$6:$T$25,$U$6:$U$25),0)+COUNTIF(G$1:G$3,$W17) -> 0 | AD17: =_xlfn.IFNA(LOOKUP(H17,$T$6:$T$25,$U$6:$U$25),0)+COUNTIF(H$1:H$3,$W17) -> 0 | AE17: =_xlfn.IFNA(LOOKUP(I17,$T$6:$T$25,$U$6:$U$25),0)+COUNTIF(I$1:I$3,$W17) -> 0 | ... AK17: =_xlfn.IFNA(LOOKUP(O17,$T$6:$T$25,$U$6:$U$25),0)+COUNTIF(O$1:O$3,$W17) -> 0 | AL17: =SUM(X17:AK17) -> 19
A18: 16B-MAN-WILKINSON | B18: 3 | T18: 13 | U18: 3 | W18: =A18 -> 16B-MAN-WILKINSON | X18: =_xlfn.IFNA(LOOKUP(B18,$T$6:$T$25,$U$6:$U$25),0)+COUNTIF(B$1:B$3,$W18) -> 20 | Y18: =_xlfn.IFNA(LOOKUP(C18,$T$6:$T$25,$U$6:$U$25),0)+COUNTIF(C$1:C$3,$W18) -> 0 | Z18: =_xlfn.IFNA(LOOKUP(D18,$T$6:$T$25,$U$6:$U$25),0)+COUNTIF(D$1:D$3,$W18) -> 0 | AA18: =_xlfn.IFNA(LOOKUP(E18,$T$6:$T$25,$U$6:$U$25),0)+COUNTIF(E$1:E$3,$W18) -> 0 | AB18: =_xlfn.IFNA(LOOKUP(F18,$T$6:$T$25,$U$6:$U$25),0)+COUNTIF(F$1:F$3,$W18) -> 0 | AC18: =_xlfn.IFNA(LOOKUP(G18,$T$6:$T$25,$U$6:$U$25),0)+COUNTIF(G$1:G$3,$W18) -> 0 | AD18: =_xlfn.IFNA(LOOKUP(H18,$T$6:$T$25,$U$6:$U$25),0)+COUNTIF(H$1:H$3,$W18) -> 0 | AE18: =_xlfn.IFNA(LOOKUP(I18,$T$6:$T$25,$U$6:$U$25),0)+COUNTIF(I$1:I$3,$W18) -> 0 | ... AK18: =_xlfn.IFNA(LOOKUP(O18,$T$6:$T$25,$U$6:$U$25),0)+COUNTIF(O$1:O$3,$W18) -> 0 | AL18: =SUM(X18:AK18) -> 20
A19: 17B-UCL-HARRAR | B19: 13 | T19: 14 | U19: 2 | W19: =A19 -> 17B-UCL-HARRAR | X19: =_xlfn.IFNA(LOOKUP(B19,$T$6:$T$25,$U$6:$U$25),0)+COUNTIF(B$1:B$3,$W19) -> 3 | Y19: =_xlfn.IFNA(LOOKUP(C19,$T$6:$T$25,$U$6:$U$25),0)+COUNTIF(C$1:C$3,$W19) -> 0 | Z19: =_xlfn.IFNA(LOOKUP(D19,$T$6:$T$25,$U$6:$U$25),0)+COUNTIF(D$1:D$3,$W19) -> 0 | AA19: =_xlfn.IFNA(LOOKUP(E19,$T$6:$T$25,$U$6:$U$25),0)+COUNTIF(E$1:E$3,$W19) -> 0 | AB19: =_xlfn.IFNA(LOOKUP(F19,$T$6:$T$25,$U$6:$U$25),0)+COUNTIF(F$1:F$3,$W19) -> 0 | AC19: =_xlfn.IFNA(LOOKUP(G19,$T$6:$T$25,$U$6:$U$25),0)+COUNTIF(G$1:G$3,$W19) -> 0 | AD19: =_xlfn.IFNA(LOOKUP(H19,$T$6:$T$25,$U$6:$U$25),0)+COUNTIF(H$1:H$3,$W19) -> 0 | AE19: =_xlfn.IFNA(LOOKUP(I19,$T$6:$T$25,$U$6:$U$25),0)+COUNTIF(I$1:I$3,$W19) -> 0 | ... AK19: =_xlfn.IFNA(LOOKUP(O19,$T$6:$T$25,$U$6:$U$25),0)+COUNTIF(O$1:O$3,$W19) -> 0 | AL19: =SUM(X19:AK19) -> 3
A20: 17C-UCL-TOSHOV | E20: 20 | T20: 15 | U20: 1 | W20: =A20 -> 17C-UCL-TOSHOV | X20: =_xlfn.IFNA(LOOKUP(B20,$T$6:$T$25,$U$6:$U$25),0)+COUNTIF(B$1:B$3,$W20) -> 0 | Y20: =_xlfn.IFNA(LOOKUP(C20,$T$6:$T$25,$U$6:$U$25),0)+COUNTIF(C$1:C$3,$W20) -> 0 | Z20: =_xlfn.IFNA(LOOKUP(D20,$T$6:$T$25,$U$6:$U$25),0)+COUNTIF(D$1:D$3,$W20) -> 0 | AA20: =_xlfn.IFNA(LOOKUP(E20,$T$6:$T$25,$U$6:$U$25),0)+COUNTIF(E$1:E$3,$W20) -> 0 | AB20: =_xlfn.IFNA(LOOKUP(F20,$T$6:$T$25,$U$6:$U$25),0)+COUNTIF(F$1:F$3,$W20) -> 0 | AC20: =_xlfn.IFNA(LOOKUP(G20,$T$6:$T$25,$U$6:$U$25),0)+COUNTIF(G$1:G$3,$W20) -> 0 | AD20: =_xlfn.IFNA(LOOKUP(H20,$T$6:$T$25,$U$6:$U$25),0)+COUNTIF(H$1:H$3,$W20) -> 0 | AE20: =_xlfn.IFNA(LOOKUP(I20,$T$6:$T$25,$U$6:$U$25),0)+COUNTIF(I$1:I$3,$W20) -> 0 | ... AK20: =_xlfn.IFNA(LOOKUP(O20,$T$6:$T$25,$U$6:$U$25),0)+COUNTIF(O$1:O$3,$W20) -> 0 | AL20: =SUM(X20:AK20) -> 0
A21: 17E-UCL-SHAH | C21: 7 | D21: 15 | T21: 16 | U21: 0 | W21: =A21 -> 17E-UCL-SHAH | X21: =_xlfn.IFNA(LOOKUP(B21,$T$6:$T$25,$U$6:$U$25),0)+COUNTIF(B$1:B$3,$W21) -> 0 | Y21: =_xlfn.IFNA(LOOKUP(C21,$T$6:$T$25,$U$6:$U$25),0)+COUNTIF(C$1:C$3,$W21) -> 12 | Z21: =_xlfn.IFNA(LOOKUP(D21,$T$6:$T$25,$U$6:$U$25),0)+COUNTIF(D$1:D$3,$W21) -> 1 | AA21: =_xlfn.IFNA(LOOKUP(E21,$T$6:$T$25,$U$6:$U$25),0)+COUNTIF(E$1:E$3,$W21) -> 0 | AB21: =_xlfn.IFNA(LOOKUP(F21,$T$6:$T$25,$U$6:$U$25),0)+COUNTIF(F$1:F$3,$W21) -> 0 | AC21: =_xlfn.IFNA(LOOKUP(G21,$T$6:$T$25,$U$6:$U$25),0)+COUNTIF(G$1:G$3,$W21) -> 0 | AD21: =_xlfn.IFNA(LOOKUP(H21,$T$6:$T$25,$U$6:$U$25),0)+COUNTIF(H$1:H$3,$W21) -> 0 | AE21: =_xlfn.IFNA(LOOKUP(I21,$T$6:$T$25,$U$6:$U$25),0)+COUNTIF(I$1:I$3,$W21) -> 0 | ... AK21: =_xlfn.IFNA(LOOKUP(O21,$T$6:$T$25,$U$6:$U$25),0)+COUNTIF(O$1:O$3,$W21) -> 0 | AL21: =SUM(X21:AK21) -> 13
A22: 18A-FSTN-O’DONNELL | C22: 2 | E22: 7 | T22: 17 | U22: 0 | W22: =A22 -> 18A-FSTN-O’DONNELL | X22: =_xlfn.IFNA(LOOKUP(B22,$T$6:$T$25,$U$6:$U$25),0)+COUNTIF(B$1:B$3,$W22) -> 0 | Y22: =_xlfn.IFNA(LOOKUP(C22,$T$6:$T$25,$U$6:$U$25),0)+COUNTIF(C$1:C$3,$W22) -> 23 | Z22: =_xlfn.IFNA(LOOKUP(D22,$T$6:$T$25,$U$6:$U$25),0)+COUNTIF(D$1:D$3,$W22) -> 0 | AA22: =_xlfn.IFNA(LOOKUP(E22,$T$6:$T$25,$U$6:$U$25),0)+COUNTIF(E$1:E$3,$W22) -> 13 | AB22: =_xlfn.IFNA(LOOKUP(F22,$T$6:$T$25,$U$6:$U$25),0)+COUNTIF(F$1:F$3,$W22) -> 0 | AC22: =_xlfn.IFNA(LOOKUP(G22,$T$6:$T$25,$U$6:$U$25),0)+COUNTIF(G$1:G$3,$W22) -> 0 | AD22: =_xlfn.IFNA(LOOKUP(H22,$T$6:$T$25,$U$6:$U$25),0)+COUNTIF(H$1:H$3,$W22) -> 0 | AE22: =_xlfn.IFNA(LOOKUP(I22,$T$6:$T$25,$U$6:$U$25),0)+COUNTIF(I$1:I$3,$W22) -> 0 | ... AK22: =_xlfn.IFNA(LOOKUP(O22,$T$6:$T$25,$U$6:$U$25),0)+COUNTIF(O$1:O$3,$W22) -> 0 | AL22: =SUM(X22:AK22) -> 36
A23: 18C-FSTN-BAILEY | D23: 10 | T23: 18 | U23: 0 | W23: =A23 -> 18C-FSTN-BAILEY | X23: =_xlfn.IFNA(LOOKUP(B23,$T$6:$T$25,$U$6:$U$25),0)+COUNTIF(B$1:B$3,$W23) -> 0 | Y23: =_xlfn.IFNA(LOOKUP(C23,$T$6:$T$25,$U$6:$U$25),0)+COUNTIF(C$1:C$3,$W23) -> 0 | Z23: =_xlfn.IFNA(LOOKUP(D23,$T$6:$T$25,$U$6:$U$25),0)+COUNTIF(D$1:D$3,$W23) -> 6 | AA23: =_xlfn.IFNA(LOOKUP(E23,$T$6:$T$25,$U$6:$U$25),0)+COUNTIF(E$1:E$3,$W23) -> 0 | AB23: =_xlfn.IFNA(LOOKUP(F23,$T$6:$T$25,$U$6:$U$25),0)+COUNTIF(F$1:F$3,$W23) -> 0 | AC23: =_xlfn.IFNA(LOOKUP(G23,$T$6:$T$25,$U$6:$U$25),0)+COUNTIF(G$1:G$3,$W23) -> 0 | AD23: =_xlfn.IFNA(LOOKUP(H23,$T$6:$T$25,$U$6:$U$25),0)+COUNTIF(H$1:H$3,$W23) -> 0 | AE23: =_xlfn.IFNA(LOOKUP(I23,$T$6:$T$25,$U$6:$U$25),0)+COUNTIF(I$1:I$3,$W23) -> 0 | ... AK23: =_xlfn.IFNA(LOOKUP(O23,$T$6:$T$25,$U$6:$U$25),0)+COUNTIF(O$1:O$3,$W23) -> 0 | AL23: =SUM(X23:AK23) -> 6
